/Volumes/nas/media/raw/bluray/movies/Fast Five (2011).mkv	OK
/Volumes/nas/media/raw/bluray/movies/Pulp Fiction (1994).mkv	OK
/Volumes/nas/media/raw/bluray/movies/The Fate of the Furious (2017).mkv	OK
/Volumes/nas/media/raw/bluray/movies/Fast X (2023).mkv	OK
/Volumes/nas/media/raw/bluray/movies/The World's End (2013).mkv	OK
/Volumes/nas/media/raw/bluray/movies/The Mummy Returns (2001).mkv	OK
/Volumes/nas/media/raw/bluray/movies/2 Fast 2 Furious (2003).mkv	OK
/Volumes/nas/media/raw/bluray/movies/Dune - Part 1 (2021).mkv	OK
/Volumes/nas/media/raw/bluray/movies/The Fast and the Furious - Tokyo Drift (2006).mkv	OK
/Volumes/nas/media/raw/bluray/movies/Shaun of the Dead (2004).mkv	OK
/Volumes/nas/media/raw/bluray/movies/Fast and Furious 6.mkv	OK
/Volumes/nas/media/raw/bluray/movies/Inglourious Basterds (2009).mkv	OK
/Volumes/nas/media/raw/bluray/movies/F9 (2021).mkv	OK
/Volumes/nas/media/raw/bluray/movies/The Fast and the Furious (2001).mkv	OK
/Volumes/nas/media/raw/bluray/movies/The Mummy (1999).mkv	OK
/Volumes/nas/media/raw/bluray/movies/Hot Fuzz (2007).mkv	OK
/Volumes/nas/media/raw/bluray/movies/Army of Darkness (1992).mkv	OK
/Volumes/nas/media/raw/bluray/movies/Fast and Furious (2009).mkv	OK
/Volumes/nas/media/raw/dvd/movies/Pirates of the Caribbean The Curse of the Black Pearl.mkv	OK
/Volumes/nas/media/raw/dvd/movies/Scream.mkv	OK
/Volumes/nas/media/raw/dvd/movies/Batman Forever.mkv	OK
/Volumes/nas/media/raw/bluray/movies/Dune - Part 2 (2024).mkv	OK
/Volumes/nas/media/raw/dvd/movies/Rush Hour.mkv	OK
/Volumes/nas/media/raw/dvd/movies/LETTERS FROM IWO JIMA.mkv	OK
/Volumes/nas/media/raw/bluray/movies/Furious 7 (2015).mkv	OK
/Volumes/nas/media/raw/dvd/movies/The Lord of the Rings - The Return of the King (2003).mkv	OK
/Volumes/nas/media/raw/dvd/movies/Despicable Me.mkv	OK
/Volumes/nas/media/raw/dvd/movies/Bedazzled.mkv	OK
/Volumes/nas/media/raw/dvd/movies/Friday the 13th Part 2.mkv	OK
/Volumes/nas/media/raw/dvd/movies/Happy Gilmore.mkv	OK
/Volumes/nas/media/raw/dvd/movies/Dirty Rotten Scoundrels (1988).mkv	OK
/Volumes/nas/media/raw/dvd/movies/The Mist.mkv	OK
/Volumes/nas/media/raw/dvd/movies/Clue.mkv	OK
/Volumes/nas/media/raw/dvd/movies/Goosebumps 2.mkv	OK
/Volumes/nas/media/raw/dvd/movies/Down With Love.mkv	OK
/Volumes/nas/media/raw/dvd/movies/The Lord of the Rings - The Two Towers (2002).mkv	OK
/Volumes/nas/media/raw/dvd/movies/I AM LEGEND.mkv	OK
/Volumes/nas/media/raw/dvd/movies/The Man in the Iron Mask.mkv	OK
/Volumes/nas/media/raw/dvd/movies/Tropic Thunder.mkv	OK
/Volumes/nas/media/raw/dvd/movies/A View to a Kill.mkv	OK
/Volumes/nas/media/raw/dvd/movies/Resident Evil- Apocalypse.mkv	OK
/Volumes/nas/media/raw/dvd/movies/A Fistful of Dollars.mkv	OK
/Volumes/nas/media/raw/dvd/movies/Serving Sara.mkv	OK
/Volumes/nas/media/raw/dvd/movies/The Kingdom.mkv	OK
/Volumes/nas/media/raw/dvd/movies/Red Dragon.mkv	OK
/Volumes/nas/media/raw/dvd/movies/Hotel Transylvania 2.mkv	OK
/Volumes/nas/media/raw/dvd/movies/Surf's Up.mkv	OK
/Volumes/nas/media/raw/dvd/movies/The Godfather Part 2 (1974).mkv	OK
/Volumes/nas/media/raw/dvd/movies/Back to the Future Part 3 (1990).mkv	OK
/Volumes/nas/media/raw/dvd/movies/Resident Evil Extinction.mkv	OK
/Volumes/nas/media/raw/dvd/movies/Dragnet.mkv	OK
/Volumes/nas/media/raw/dvd/movies/The Pink Panther (2006).mkv	OK
/Volumes/nas/media/raw/dvd/movies/The Rocker.mkv	OK
/Volumes/nas/media/raw/dvd/movies/Robin Hood Men in Tights (1993).mkv	OK
/Volumes/nas/media/raw/dvd/movies/Stealing Harvard.mkv	OK
/Volumes/nas/media/raw/dvd/movies/Hot Rod.mkv	OK
/Volumes/nas/media/raw/dvd/movies/Psycho.mkv	OK
/Volumes/nas/media/raw/dvd/movies/For a Few Dollars More.mkv	OK
/Volumes/nas/media/raw/dvd/movies/Into The Woods.mkv	OK
/Volumes/nas/media/raw/dvd/movies/Monsters Inc.mkv	OK
/Volumes/nas/media/raw/dvd/movies/Spy Kids.mkv	OK
/Volumes/nas/media/raw/dvd/movies/Now You See Me.mkv	OK
/Volumes/nas/media/raw/dvd/movies/Fargo.mkv	OK
/Volumes/nas/media/raw/dvd/movies/Bedtime Stories.mkv	OK
/Volumes/nas/media/raw/dvd/movies/Spy Kids 2.mkv	OK
/Volumes/nas/media/raw/dvd/movies/Saving Private Ryan.mkv	OK
/Volumes/nas/media/raw/dvd/movies/The Great Escape (1963).mkv	OK
/Volumes/nas/media/raw/dvd/movies/Charlie St Cloud.mkv	OK
/Volumes/nas/media/raw/dvd/movies/Friday the 13th.mkv	OK
/Volumes/nas/media/raw/dvd/movies/The Burbs.mkv	OK
/Volumes/nas/media/raw/dvd/movies/Moms Night Out.mkv	OK
/Volumes/nas/media/raw/dvd/movies/Buffy the Vampire Slayer (1992).mkv	OK
/Volumes/nas/media/raw/dvd/movies/Accepted (2006).mkv	OK
/Volumes/nas/media/raw/dvd/movies/Mission Impossible - Ghost Protocol.mkv	OK
/Volumes/nas/media/raw/dvd/movies/There's Something About Mary.mkv	OK
/Volumes/nas/media/raw/dvd/movies/The Road to El Dorado.mkv	OK
/Volumes/nas/media/raw/dvd/movies/Herbie Fully Loaded.mkv	OK
/Volumes/nas/media/raw/dvd/movies/The Blues Brothers.mkv	OK
/Volumes/nas/media/raw/dvd/movies/Pirates of the Caribbean At World's End.mkv	OK
/Volumes/nas/media/raw/dvd/movies/Now You See Me 2.mkv	OK
/Volumes/nas/media/raw/dvd/movies/007 - Quantum of Solace (2008).mkv	OK
/Volumes/nas/media/raw/dvd/movies/You Me And Dupree.mkv	OK
/Volumes/nas/media/raw/dvd/movies/Mission Impossible.mkv	OK
/Volumes/nas/media/raw/dvd/movies/American Outlaws (2001).mkv	OK
/Volumes/nas/media/raw/dvd/movies/Madagascar 2.mkv	OK
/Volumes/nas/media/raw/dvd/movies/Trapped in Paradise.mkv	OK
/Volumes/nas/media/raw/dvd/movies/Batman(1989).mkv	OK
/Volumes/nas/media/raw/dvd/movies/The Hateful Eight.mkv	OK
/Volumes/nas/media/raw/dvd/movies/Happy Feet.mkv	OK
/Volumes/nas/media/raw/dvd/movies/Spider-Man 3.mkv	OK
/Volumes/nas/media/raw/dvd/movies/TERMINATOR 3.mkv	OK
/Volumes/nas/media/raw/dvd/movies/Hang em High.mkv	OK
/Volumes/nas/media/raw/dvd/movies/Air Force One.mkv	OK
/Volumes/nas/media/raw/dvd/movies/Back to the Future Part 2 (1989).mkv	OK
/Volumes/nas/media/raw/dvd/movies/Les Miserables.mkv	OK
/Volumes/nas/media/raw/dvd/movies/Reign of Fire.mkv	OK
/Volumes/nas/media/raw/dvd/movies/Bill and Teds Excellent Adventure.mkv	OK
/Volumes/nas/media/raw/dvd/movies/The Lego Ninjago Movie.mkv	OK
/Volumes/nas/media/raw/dvd/movies/Top Gun (1986).mkv	OK
/Volumes/nas/media/raw/dvd/movies/Bill and Teds Bogus Journey.mkv	OK
/Volumes/nas/media/raw/dvd/movies/The Secret Life of Pets (2016).mkv	OK
/Volumes/nas/media/raw/dvd/movies/Night at the Museum Battle of the Smithsonian.mkv	OK
/Volumes/nas/media/raw/dvd/movies/The Man Who Knew Too Much (1956).mkv	OK
/Volumes/nas/media/raw/dvd/movies/Matilda.mkv	OK
/Volumes/nas/media/raw/dvd/movies/Behind Enemy LInes.mkv	OK
/Volumes/nas/media/raw/dvd/movies/SHANGHAI NOON.mkv	OK
/Volumes/nas/media/raw/dvd/movies/Hotel Transylvania.mkv	OK
/Volumes/nas/media/raw/dvd/movies/Casino Royale (2006).mkv	OK
/Volumes/nas/media/raw/dvd/movies/Bourne Ultimatum.mkv	OK
/Volumes/nas/media/raw/dvd/movies/007 - Skyfall (2012).mkv	OK
/Volumes/nas/media/raw/dvd/movies/Frozen.mkv	OK
/Volumes/nas/media/raw/dvd/movies/Predator 2.mkv	OK
/Volumes/nas/media/raw/dvd/movies/Secret Window.mkv	OK
/Volumes/nas/media/raw/dvd/movies/Dr No.mkv	OK
/Volumes/nas/media/raw/dvd/movies/Star Wars Episode 3 - Revenge of the Sith (2005).mkv	OK
/Volumes/nas/media/raw/dvd/movies/The Land Before Time.mkv	OK
/Volumes/nas/media/raw/dvd/movies/X2.mkv	OK
/Volumes/nas/media/raw/dvd/movies/The Rundown.mkv	OK
/Volumes/nas/media/raw/dvd/movies/Tangled.mkv	OK
/Volumes/nas/media/raw/dvd/movies/Mr Brooks.mkv	OK
/Volumes/nas/media/raw/dvd/movies/Lilo & Stitch (2002).mkv	OK
/Volumes/nas/media/raw/dvd/movies/Signs.mkv	OK
/Volumes/nas/media/raw/dvd/movies/Batman Begins.mkv	OK
/Volumes/nas/media/raw/dvd/movies/Singin In The Rain.mkv	OK
/Volumes/nas/media/raw/dvd/movies/Hannibal.mkv	OK
/Volumes/nas/media/raw/dvd/movies/The Shawshank Redemption.mkv	OK
/Volumes/nas/media/raw/dvd/movies/Resident Evil.mkv	OK
/Volumes/nas/media/raw/dvd/movies/Mindhunters.mkv	OK
/Volumes/nas/media/raw/dvd/movies/The Matrix Revolutions.mkv	OK
/Volumes/nas/media/raw/dvd/movies/Taking Lives.mkv	OK
/Volumes/nas/media/raw/dvd/movies/Charlie's Angels (2000).mkv	OK
/Volumes/nas/media/raw/dvd/movies/Incredibles.mkv	OK
/Volumes/nas/media/raw/dvd/movies/Spaceballs.mkv	OK
/Volumes/nas/media/raw/dvd/movies/The Da Vinci Code (2006).mkv	OK
/Volumes/nas/media/raw/dvd/movies/Black Hawk Down.mkv	OK
/Volumes/nas/media/raw/dvd/movies/Collateral.mkv	OK
/Volumes/nas/media/raw/dvd/movies/The Blind Side (2009).mkv	OK
/Volumes/nas/media/raw/dvd/movies/When A Stranger Calls (2006).mkv	OK
/Volumes/nas/media/raw/dvd/movies/Man On Fire.mkv	OK
/Volumes/nas/media/raw/dvd/movies/Social Network, The.mkv	OK
/Volumes/nas/media/raw/dvd/movies/007 - On Her Majesty's Secret Service (1969).mkv	OK
/Volumes/nas/media/raw/dvd/movies/Balls Of Fury.mkv	OK
/Volumes/nas/media/raw/dvd/movies/The Muppets.mkv	OK
/Volumes/nas/media/raw/dvd/movies/Burn After Reading.mkv	OK
/Volumes/nas/media/raw/dvd/movies/Pet Sematary.mkv	OK
/Volumes/nas/media/raw/dvd/movies/Ratatouille.mkv	OK
/Volumes/nas/media/raw/dvd/movies/Enchanted.mkv	OK
/Volumes/nas/media/raw/dvd/movies/Saboteur.mkv	OK
/Volumes/nas/media/raw/dvd/movies/Mr. Bean's Holiday.mkv	OK
/Volumes/nas/media/raw/dvd/movies/The Indian in the Cupboard.mkv	OK
/Volumes/nas/media/raw/dvd/movies/Shadow of a Doubt.mkv	OK
/Volumes/nas/media/raw/dvd/movies/Rush Hour 2.mkv	OK
/Volumes/nas/media/raw/dvd/movies/Indiana Jones and the Temple Of Doom (1984).mkv	OK
/Volumes/nas/media/raw/dvd/movies/The Godfather Part 3 (1990).mkv	OK
/Volumes/nas/media/raw/dvd/movies/Up.mkv	OK
/Volumes/nas/media/raw/dvd/movies/Vertigo.mkv	OK
/Volumes/nas/media/raw/dvd/movies/Men In Black.mkv	OK
/Volumes/nas/media/raw/dvd/movies/Rain Man (1988).mkv	OK
/Volumes/nas/media/raw/dvd/movies/Die Another Day.mkv	OK
/Volumes/nas/media/raw/dvd/movies/The Grinch(2018).mkv	OK
/Volumes/nas/media/raw/dvd/movies/Ultimate X.mkv	OK
/Volumes/nas/media/raw/dvd/movies/The Deer Hunter.mkv	OK
/Volumes/nas/media/raw/dvd/movies/007 - The Spy Who Loved Me (1977).mkv	OK
/Volumes/nas/media/raw/dvd/movies/Scream 2.mkv	OK
/Volumes/nas/media/raw/dvd/movies/Cars.mkv	OK
/Volumes/nas/media/raw/dvd/movies/The Dark Knight.mkv	OK
/Volumes/nas/media/raw/dvd/movies/Kung Fu Panda 2.mkv	OK
/Volumes/nas/media/raw/dvd/movies/VEGAS VACATION.mkv	OK
/Volumes/nas/media/raw/dvd/movies/Alien vs Predator.mkv	OK
/Volumes/nas/media/raw/dvd/movies/Alexander and the Terrible, Horrible, No Good, Very Bad Day (2014).mkv	OK
/Volumes/nas/media/raw/dvd/movies/Bourne Legacy.mkv	OK
/Volumes/nas/media/raw/dvd/movies/Raiders of the Lost Ark (1981) .mkv	OK
/Volumes/nas/media/raw/dvd/movies/007 - From Russia with Love (1963).mkv	OK
/Volumes/nas/media/raw/dvd/movies/CELLULAR.mkv	OK
/Volumes/nas/media/raw/dvd/movies/Bourne Supremacy.mkv	OK
/Volumes/nas/media/raw/dvd/movies/The Fugitive.mkv	OK
/Volumes/nas/media/raw/dvd/movies/Crocodile Dundee.mkv	OK
/Volumes/nas/media/raw/dvd/movies/The Godfather (1972).mkv	OK
/Volumes/nas/media/raw/dvd/movies/Hotel Transylvania 3.mkv	OK
/Volumes/nas/media/raw/dvd/movies/Underworld Awakening.mkv	OK
/Volumes/nas/media/raw/dvd/movies/The Croods.mkv	OK
/Volumes/nas/media/raw/dvd/movies/Into The Blue.mkv	OK
/Volumes/nas/media/raw/dvd/movies/Space Jam (1996).mkv	OK
/Volumes/nas/media/raw/dvd/movies/XMen.mkv	OK
/Volumes/nas/media/raw/dvd/movies/Fun With Dick and Jane (2005).mkv	OK
/Volumes/nas/media/raw/dvd/movies/Austin Powers The Spy Who Shagged Me.mkv	OK
/Volumes/nas/media/raw/dvd/movies/Hellboy.mkv	OK
/Volumes/nas/media/raw/dvd/movies/Blades of Glory.mkv	OK
/Volumes/nas/media/raw/dvd/movies/Gone In 60 Seconds (2000).mkv	OK
/Volumes/nas/media/raw/dvd/movies/Bugs Life.mkv	OK
/Volumes/nas/media/raw/dvd/movies/Austin Powers International Man of Mystery.mkv	OK
/Volumes/nas/media/raw/dvd/movies/Mission Impossible - Rogue Nation.mkv	OK
/Volumes/nas/media/raw/dvd/movies/Smokey and the bandit.mkv	OK
/Volumes/nas/media/raw/dvd/movies/Minions.mkv	OK
/Volumes/nas/media/raw/dvd/movies/The Evil Dead (1981).mkv	OK
/Volumes/nas/media/raw/dvd/movies/Pirates of the Caribbean Dead Man's Chest (2006).mkv	OK
/Volumes/nas/media/raw/dvd/movies/Superstar (1999).mkv	OK
/Volumes/nas/media/raw/dvd/movies/Home(2015).mkv	OK
/Volumes/nas/media/raw/dvd/movies/Click.mkv	OK
/Volumes/nas/media/raw/dvd/movies/Die Hard 2.mkv	OK
/Volumes/nas/media/raw/dvd/movies/The Birds.mkv	OK
/Volumes/nas/media/raw/dvd/movies/Stealth.mkv	OK
/Volumes/nas/media/raw/dvd/movies/How to Train Your Dragon (2010).mkv	OK
/Volumes/nas/media/raw/dvd/movies/RV.mkv	OK
/Volumes/nas/media/raw/dvd/movies/The Big Lebowski.mkv	OK
/Volumes/nas/media/raw/dvd/movies/X-Men - The Last Stand (2006).mkv	OK
/Volumes/nas/media/raw/dvd/movies/Next.mkv	OK
/Volumes/nas/media/raw/dvd/movies/The Matrix.mkv	OK
/Volumes/nas/media/raw/dvd/movies/RocketMan (1997).mkv	OK
/Volumes/nas/media/raw/dvd/movies/Alien (1979).mkv	OK
/Volumes/nas/media/raw/dvd/movies/Lara Croft Tomb Raider (2001) .mkv	OK
/Volumes/nas/media/raw/dvd/movies/Spy Kids 3.mkv	OK
/Volumes/nas/media/raw/dvd/movies/Date Night.mkv	OK
/Volumes/nas/media/raw/dvd/movies/Topaz.mkv	OK
/Volumes/nas/media/raw/dvd/movies/Spider-Man (2002).mkv	OK
/Volumes/nas/media/raw/dvd/movies/Jurassic World (2015).mkv	OK
/Volumes/nas/media/raw/dvd/movies/Underworld Evolution.mkv	OK
/Volumes/nas/media/raw/dvd/movies/Cloudy With A Chance Of Meatballs.mkv	OK
/Volumes/nas/media/raw/dvd/movies/Addams Family Values (1993).mkv	OK
/Volumes/nas/media/raw/dvd/movies/Ghostbusters.mkv	OK
/Volumes/nas/media/raw/dvd/movies/XMen Origins Wolverine.mkv	OK
/Volumes/nas/media/raw/dvd/movies/Inception.mkv	OK
/Volumes/nas/media/raw/dvd/movies/Dumb And Dumber.mkv	OK
/Volumes/nas/media/raw/dvd/movies/Indiana Jones and the Last Crusade (1989).mkv	OK
/Volumes/nas/media/raw/dvd/movies/Rope.mkv	OK
/Volumes/nas/media/raw/dvd/movies/Zoolander.mkv	OK
/Volumes/nas/media/raw/dvd/movies/Big Hero 6.mkv	OK
/Volumes/nas/media/raw/dvd/movies/The Orphanage (2007).mkv	OK
/Volumes/nas/media/raw/dvd/movies/Star Trek.mkv	OK
/Volumes/nas/media/raw/dvd/movies/Star Wars Episode 2 - Attack of the Clones (2002).mkv	OK
/Volumes/nas/media/raw/dvd/movies/The Addams Family (1991).mkv	OK
/Volumes/nas/media/raw/dvd/movies/Billy Madison.mkv	OK
/Volumes/nas/media/raw/dvd/movies/The Wedding Singer (1998).mkv	OK
/Volumes/nas/media/raw/dvd/movies/Night At The Museum Secret of the tomb.mkv	OK
/Volumes/nas/media/raw/dvd/movies/Just Friends.mkv	OK
/Volumes/nas/media/raw/dvd/movies/The Lord of the Rings - The Fellowship of the Ring (2001).mkv	OK
/Volumes/nas/media/raw/dvd/movies/Night At The Museum.mkv	OK
/Volumes/nas/media/raw/dvd/movies/The Green Mile.mkv	OK
/Volumes/nas/media/raw/dvd/movies/The Frighteners.mkv	OK
/Volumes/nas/media/raw/dvd/movies/Free Birds (2013).mkv	OK
/Volumes/nas/media/raw/dvd/movies/007 - The World Is Not Enough (1999).mkv	OK
/Volumes/nas/media/raw/dvd/movies/Diamonds Are Forever.mkv	OK
/Volumes/nas/media/raw/dvd/movies/The Greatest Showman.mkv	OK
/Volumes/nas/media/raw/dvd/movies/Sleepless in Seattle (1993).mkv	OK
/Volumes/nas/media/raw/dvd/movies/Out Cold.mkv	OK
/Volumes/nas/media/raw/dvd/movies/Beetlejuice.mkv	OK
/Volumes/nas/media/raw/dvd/movies/Bad Boys.mkv	OK
/Volumes/nas/media/raw/dvd/movies/Bubba HoTep (2002).mkv	OK
/Volumes/nas/media/raw/dvd/movies/Minions - The Rise of Gru.mkv	OK
/Volumes/nas/media/raw/dvd/movies/Dark Knight Rises.mkv	OK
/Volumes/nas/media/raw/dvd/movies/The Benchwarmers.mkv	OK
/Volumes/nas/media/raw/dvd/movies/THE POLAR EXPRESS.mkv	OK
/Volumes/nas/media/raw/dvd/movies/Tarzan.mkv	OK
/Volumes/nas/media/raw/dvd/movies/King Kong (2005).mkv	OK
/Volumes/nas/media/raw/dvd/movies/War of the Worlds (2005).mkv	OK
/Volumes/nas/media/raw/dvd/movies/Drag Me To Hell.mkv	OK
/Volumes/nas/media/raw/dvd/movies/007 - Octopussy (1983).mkv	OK
/Volumes/nas/media/raw/dvd/movies/Pitch Perfect.mkv	OK
/Volumes/nas/media/raw/dvd/movies/The Matrix Reloaded.mkv	OK
/Volumes/nas/media/raw/dvd/movies/Tombstone.mkv	OK
/Volumes/nas/media/raw/dvd/movies/Pan's Labyrinth.mkv	OK
/Volumes/nas/media/raw/dvd/movies/Saints And Soldiers (2003).mkv	OK
/Volumes/nas/media/raw/dvd/movies/Shooter.mkv	OK
/Volumes/nas/media/raw/dvd/movies/Tenacious D in The Pick of Destiny.mkv	OK
/Volumes/nas/media/raw/dvd/movies/xXx.mkv	OK
/Volumes/nas/media/raw/dvd/movies/Star Wars Episode 1 - The Phantom Menace (1999).mkv	OK
/Volumes/nas/media/raw/dvd/movies/Jurassic Park III (2001).mkv	OK
/Volumes/nas/media/raw/dvd/movies/Out Of Time.mkv	OK
/Volumes/nas/media/raw/dvd/movies/The Princess Bride.mkv	OK
/Volumes/nas/media/raw/dvd/movies/Mad Max Fury Road.mkv	OK
/Volumes/nas/media/raw/dvd/movies/Nacho Libre.mkv	OK
/Volumes/nas/media/raw/dvd/movies/US Marshals.mkv	OK
/Volumes/nas/media/raw/dvd/movies/The Protector.mkv	OK
/Volumes/nas/media/raw/dvd/movies/007 - Licence to Kill (1989).mkv	OK
/Volumes/nas/media/raw/dvd/movies/The Silence of the Lambs.mkv	OK
/Volumes/nas/media/raw/dvd/movies/It.mkv	OK
/Volumes/nas/media/raw/dvd/movies/Home Alone.mkv	OK
/Volumes/nas/media/raw/dvd/movies/What Happens In Vegas.mkv	OK
/Volumes/nas/media/raw/dvd/movies/Alien3 (1992).mkv	OK
/Volumes/nas/media/raw/dvd/movies/Saving Silverman.mkv	OK
/Volumes/nas/media/raw/dvd/movies/Goosebumps.mkv	OK
/Volumes/nas/media/raw/dvd/movies/Pitch Perfect 2 (2015).mkv	OK
/Volumes/nas/media/raw/dvd/movies/Transporter 2 (2005).mkv	OK
/Volumes/nas/media/raw/dvd/movies/OCEANS THIRTEEN.mkv	OK
/Volumes/nas/media/raw/dvd/movies/The Prestige (2006).mkv	OK
/Volumes/nas/media/raw/dvd/movies/Once Upon a Time... in Hollywood.mkv	OK
/Volumes/nas/media/raw/dvd/movies/Waynes World.mkv	OK
/Volumes/nas/media/raw/dvd/movies/Lara Croft Tomb Raider The Cradle of Life(2003).mkv	OK
/Volumes/nas/media/raw/dvd/movies/Crocodile Dundee 2.mkv	OK
/Volumes/nas/media/raw/dvd/movies/Zoolander 2.mkv	OK
/Volumes/nas/media/raw/dvd/movies/I Spy.mkv	OK
/Volumes/nas/media/raw/dvd/movies/What Lies Beneath.mkv	OK
/Volumes/nas/media/raw/dvd/movies/007 - The Man with the Golden Gun (1974).mkv	OK
/Volumes/nas/media/raw/dvd/movies/The Secret Life of Pets 2 (2019).mkv	OK
/Volumes/nas/media/raw/dvd/movies/Starsky and Hutch.mkv	OK
/Volumes/nas/media/raw/dvd/movies/Se7en.mkv	OK
/Volumes/nas/media/raw/dvd/movies/Kill Bill Vol 2.mkv	OK
/Volumes/nas/media/raw/dvd/movies/The Last Dragon.mkv	OK
/Volumes/nas/media/raw/dvd/movies/Nope.mkv	OK
/Volumes/nas/media/raw/dvd/movies/The Man Who Knew Too Little (1997).mkv	OK
/Volumes/nas/media/raw/dvd/movies/The Saratov Approach.mkv	OK
/Volumes/nas/media/raw/dvd/movies/Matchstick Men.mkv	OK
/Volumes/nas/media/raw/dvd/movies/Bruce Almighty.mkv	OK
/Volumes/nas/media/raw/dvd/movies/Black Sheep (1996).mkv	OK
/Volumes/nas/media/raw/dvd/movies/Die Hard.mkv	OK
/Volumes/nas/media/raw/dvd/movies/Independence Day.mkv	OK
/Volumes/nas/media/raw/dvd/movies/Sleepy Hollow.mkv	OK
/Volumes/nas/media/raw/dvd/movies/Young Frankenstein (1974).mkv	OK
/Volumes/nas/media/raw/dvd/movies/Evil Dead 2 (1987).mkv	OK
/Volumes/nas/media/raw/dvd/movies/007 - Tomorrow Never Dies (1997).mkv	OK
/Volumes/nas/media/raw/dvd/movies/Dawn of the Dead.mkv	OK
/Volumes/nas/media/raw/dvd/movies/Frenzy.mkv	OK
/Volumes/nas/media/raw/dvd/movies/The Super Mario Bros Movie.mkv	OK
/Volumes/nas/media/raw/dvd/movies/Ghostbusters II (1989).mkv	OK
/Volumes/nas/media/raw/dvd/movies/Sherlock Holmes.mkv	OK
/Volumes/nas/media/raw/dvd/movies/Secondhand Lions.mkv	OK
/Volumes/nas/media/raw/dvd/movies/Conair.mkv	OK
/Volumes/nas/media/raw/dvd/movies/Zombieland.mkv	OK
/Volumes/nas/media/raw/dvd/movies/Sleepless In Seatle (1993).mkv	OK
/Volumes/nas/media/raw/dvd/movies/Top Gun - Maverick.mkv	OK
/Volumes/nas/media/raw/dvd/movies/The Land Before TIme - The Big Freeze.mkv	OK
/Volumes/nas/media/raw/dvd/movies/The Money Pit.mkv	OK
/Volumes/nas/media/raw/dvd/movies/Marnie.mkv	OK
/Volumes/nas/media/raw/dvd/movies/007 - Moonraker (1979).mkv	OK
/Volumes/nas/media/raw/dvd/movies/Kingdom of Heaven (2005).mkv	OK
/Volumes/nas/media/raw/dvd/movies/The Hudsucker Proxy.mkv	OK
/Volumes/nas/media/raw/dvd/movies/Minority Report.mkv	OK
/Volumes/nas/media/raw/dvd/movies/Scream 3.mkv	OK
/Volumes/nas/media/raw/dvd/movies/Gladiator.mkv	OK
/Volumes/nas/media/raw/dvd/movies/The Worlds Fastest Indian.mkv	OK
/Volumes/nas/media/raw/dvd/movies/Underworld - Rise of the Lycans.mkv	OK
/Volumes/nas/media/raw/dvd/movies/Underworld- Blood Wars.mkv	OK
/Volumes/nas/media/raw/dvd/movies/Mission Impossible 3.mkv	OK
/Volumes/nas/media/raw/dvd/movies/Once Upon A Time In Mexico.mkv	OK
/Volumes/nas/media/raw/dvd/movies/The Grudge.mkv	OK
/Volumes/nas/media/raw/dvd/movies/Die Hard with a Vengeance (1995).mkv	OK
/Volumes/nas/media/raw/dvd/movies/Taxi Driver.mkv	OK
/Volumes/nas/media/raw/dvd/movies/Underworld (2003).mkv	OK
/Volumes/nas/media/raw/dvd/movies/Waynes World 2.mkv	OK
/Volumes/nas/media/raw/dvd/movies/How to Lose a Guy in 10 Days.mkv	OK
/Volumes/nas/media/raw/dvd/movies/Rear Window.mkv	OK
/Volumes/nas/media/raw/dvd/movies/The Trouble With Harry.mkv	OK
/Volumes/nas/media/raw/dvd/movies/Training Day.mkv	OK
/Volumes/nas/media/raw/dvd/movies/Kingpin.mkv	OK
/Volumes/nas/media/raw/dvd/movies/The Lovely Bones.mkv	OK
/Volumes/nas/media/raw/dvd/movies/Wrong Turn.mkv	OK
/Volumes/nas/media/raw/dvd/movies/Men in Black II (2002).mkv	OK
/Volumes/nas/media/raw/dvd/movies/Cinderella Man.mkv	OK
/Volumes/nas/media/raw/dvd/movies/The Longest Yard.mkv	OK
/Volumes/nas/media/raw/dvd/movies/Rat Race.mkv	OK
/Volumes/nas/media/raw/dvd/movies/Spider Man - No Way Home.mkv	OK
/Volumes/nas/media/raw/dvd/movies/Kung Fu Panda.mkv	OK
/Volumes/nas/media/raw/dvd/movies/Red Eye.mkv	OK
/Volumes/nas/media/raw/dvd/movies/Live Free or Die Hard (2007).mkv	OK
/Volumes/nas/media/raw/dvd/movies/Horton Hears A Who.mkv	OK
/Volumes/nas/media/raw/dvd/movies/O Brother, Where Art Thou (2000).mkv	OK
/Volumes/nas/media/raw/dvd/movies/The Lego Batman Movie.mkv	OK
/Volumes/nas/media/raw/dvd/movies/Interview with the Vampire (1994).mkv	OK
/Volumes/nas/media/raw/dvd/movies/World War Z.mkv	OK
/Volumes/nas/media/raw/dvd/movies/Speed.mkv	OK
/Volumes/nas/media/raw/dvd/movies/Family Guy - Blue harvest.mkv	OK
/Volumes/nas/media/raw/dvd/movies/Jurassic Park (1993).mkv	OK
/Volumes/nas/media/raw/dvd/movies/MICHAEL CLAYTON.mkv	OK
/Volumes/nas/media/raw/dvd/movies/Spies Like Us.mkv	OK
/Volumes/nas/media/raw/dvd/movies/The Vow.mkv	OK
/Volumes/nas/media/raw/dvd/movies/Intolerable Cruelty.mkv	OK
/Volumes/nas/media/raw/dvd/movies/007 - You Only Live Twice (1967).mkv	OK
/Volumes/nas/media/raw/dvd/movies/Madagascar.mkv	OK
/Volumes/nas/media/raw/dvd/movies/RED 2.mkv	OK
/Volumes/nas/media/raw/dvd/movies/A Christmas Story.mkv	OK
/Volumes/nas/media/raw/dvd/movies/Gentlemen Broncos.mkv	OK
/Volumes/nas/media/raw/dvd/movies/Spider-Man 2.mkv	OK
/Volumes/nas/media/raw/dvd/movies/Raising Arizona (1987).mkv	OK
/Volumes/nas/media/raw/dvd/movies/THE WHOLE TEN YARDS.mkv	OK
/Volumes/nas/media/raw/dvd/movies/Charlie's Angels - Full Throttle (2003).mkv	OK
/Volumes/nas/media/raw/dvd/movies/Hocus Pocus.mkv	OK
/Volumes/nas/media/raw/dvd/movies/Master And Commander.mkv	OK
/Volumes/nas/media/raw/dvd/movies/Bourne Identity.mkv	OK
/Volumes/nas/media/raw/dvd/movies/Predator.mkv	OK
/Volumes/nas/media/raw/dvd/movies/Scary Movie 3.mkv	OK
/Volumes/nas/media/raw/dvd/movies/007- For Your Eyes Only (1981).mkv	OK
/Volumes/nas/media/raw/dvd/movies/Dr Strangelove.mkv	OK
/Volumes/nas/media/raw/dvd/movies/Goonies.mkv	OK
/Volumes/nas/media/raw/dvd/movies/Airheads.mkv	OK
/Volumes/nas/media/raw/dvd/movies/Life as we know it.mkv	OK
/Volumes/nas/media/raw/dvd/movies/How the Grinch Stole Christmas.mkv	OK
/Volumes/nas/media/raw/dvd/movies/Apollo 13.mkv	OK
/Volumes/nas/media/raw/dvd/movies/Multiplicity.mkv	OK
/Volumes/nas/media/raw/dvd/movies/Kill Bill Vol 1.mkv	OK
/Volumes/nas/media/raw/dvd/movies/There Will Be Blood.mkv	OK
/Volumes/nas/media/raw/dvd/movies/007 - Thunderball (1965).mkv	OK
/Volumes/nas/media/raw/dvd/movies/The Illusionist (2006).mkv	OK
/Volumes/nas/media/raw/dvd/movies/Liar Liar.mkv	OK
/Volumes/nas/media/raw/dvd/movies/The Cable Guy.mkv	OK
/Volumes/nas/media/raw/dvd/movies/Braindead (1992).mkv	OK
/Volumes/nas/media/raw/dvd/movies/Back to the Future (1985).mkv	OK
/Volumes/nas/media/raw/dvd/movies/Sherlock Holmes - A Game of Shadows.mkv	OK
/Volumes/nas/media/raw/dvd/movies/DeadByDawn.mkv	OK
/Volumes/nas/media/raw/dvd/movies/Goodfellas (1990).mkv	OK
/Volumes/nas/media/raw/dvd/movies/Mr Poppers Penguins.mkv	OK
/Volumes/nas/media/raw/dvd/movies/The Good, The Bad, and The Ugly.mkv	OK
/Volumes/nas/media/raw/dvd/movies/Bad Boys 2 (2003).mkv	OK
/Volumes/nas/media/raw/dvd/movies/Rio.mkv	OK
/Volumes/nas/media/raw/dvd/movies/007 - Goldfinger (1964).mkv	OK
/Volumes/nas/media/raw/dvd/movies/Disturbia.mkv	OK
/Volumes/nas/media/raw/dvd/movies/Traffic.mkv	OK
/Volumes/nas/media/raw/dvd/movies/007 - Live and Let Die (1973).mkv	OK
/Volumes/nas/media/raw/dvd/movies/Ice Age (2002).mkv	OK
/Volumes/nas/media/raw/dvd/movies/Witness (1985).mkv	OK
/Volumes/nas/media/raw/dvd/movies/The Other Guys.mkv	OK
/Volumes/nas/media/raw/dvd/movies/Rocky Balboa.mkv	OK
/Volumes/nas/media/raw/dvd/movies/Torn Curtain.mkv	OK
/Volumes/nas/media/raw/dvd/movies/THE SHINING.mkv	OK
/Volumes/nas/media/raw/dvd/movies/A Night at the Roxbury (1998).mkv	OK
/Volumes/nas/media/raw/dvd/movies/Hannibal Rising.mkv	OK
/Volumes/nas/media/raw/dvd/movies/Tommy Boy.mkv	OK
/Volumes/nas/media/raw/dvd/movies/The Jungle Book (1967).mkv	OK
/Volumes/nas/media/raw/dvd/movies/OCEAN'S TWELVE.mkv	OK
/Volumes/nas/media/raw/dvd/movies/The Bone Collector (1999).mkv	OK
/Volumes/nas/media/raw/dvd/movies/Ephraim's Rescue.mkv	OK
/Volumes/nas/media/raw/dvd/movies/The Other Woman.mkv	OK
/Volumes/nas/media/raw/dvd/movies/The Fifth Element.mkv	OK
/Volumes/nas/media/raw/dvd/movies/Mission Impossible 2.mkv	OK
/Volumes/nas/media/raw/dvd/movies/007 - GoldenEye (1995).mkv	OK
/Volumes/nas/media/raw/dvd/movies/Fools Gold (2008).mkv	OK
/Volumes/nas/media/raw/dvd/movies/The Lost Boys.mkv	OK
/Volumes/nas/media/raw/dvd/movies/What About Bob.mkv	OK
/Volumes/nas/media/raw/dvd/movies/Hancock.mkv	OK
/Volumes/nas/media/raw/dvd/movies/The Lost City.mkv	OK
/Volumes/nas/media/raw/dvd/movies/The Transporter.mkv	OK
/Volumes/nas/media/raw/dvd/movies/DELIVERANCE.mkv	OK
/Volumes/nas/media/raw/dvd/movies/Without a Paddle.mkv	OK
/Volumes/nas/media/raw/dvd/movies/The Lego Movie.mkv	OK
/Volumes/nas/media/raw/dvd/movies/Renfield.mkv	OK
/Volumes/nas/media/raw/dvd/movies/Finding Nemo (2003).mkv	OK
/Volumes/nas/media/raw/dvd/movies/DejaVu (2006).mkv	OK
/Volumes/nas/media/raw/dvd/movies/Napoleon Dynamite.mkv	OK
/Volumes/nas/media/raw/dvd/movies/Hero (2002).mkv	OK
/Volumes/nas/media/raw/dvd/movies/Pirates of the Caribbean On Stranger Tides.mkv	OK
/Volumes/nas/media/raw/dvd/movies/The Land Before Time - Journey to Big Water.mkv	OK
/Volumes/nas/media/raw/dvd/movies/KISS KISS BANG BANG.mkv	OK
/Volumes/nas/media/raw/dvd/movies/The Lego Movie 2 - The Second Part.mkv	OK
/Volumes/nas/media/raw/dvd/movies/Shanghai Knights.mkv	OK
/Volumes/nas/media/raw/dvd/movies/The SpongeBob SquarePants Movie (2004).mkv	OK
/Volumes/nas/media/raw/dvd/movies/The Mummy (1932) .mkv	OK
/Volumes/nas/media/raw/dvd/movies/Aladdin (1992).mkv	OK
/Volumes/nas/media/raw/dvd/movies/Bandits.mkv	OK
/Volumes/nas/media/raw/dvd/movies/007 - The Living Daylights (1987).mkv	OK
/Volumes/nas/media/raw/dvd/movies/Iron Man.mkv	OK
/Volumes/nas/media/raw/dvd/movies/Aliens.mkv	OK
/Volumes/nas/media/raw/dvd/movies/Family Plot.mkv	OK
/Volumes/nas/media/raw/dvd/movies/The Rock.mkv	OK
/Volumes/nas/media/raw/dvd/movies/Open Season.mkv	OK
/Volumes/nas/media/raw/dvd/movies/Reservoir Dogs.mkv	OK
/Volumes/nas/media/raw/dvd/movies/The Lost World Jurassic Park (1997).mkv	OK
/Volumes/nas/media/raw/dvd/movies/OCEAN'S ELEVEN.mkv	OK
/Volumes/nas/media/raw/bluray/tv/Killing Eve- Season One/Killing Eve - s01e07 - I Dont Want to Be Free.mkv	OK
/Volumes/nas/media/raw/bluray/tv/Killing Eve- Season One/Killing Eve - s01e08 - God Im Tired.mkv	OK
/Volumes/nas/media/raw/bluray/tv/Killing Eve- Season One/Killing Eve - s01e05 - I Have a Thing About Bathrooms.mkv	OK
/Volumes/nas/media/raw/bluray/tv/Killing Eve- Season One/Killing Eve - s01e01 - Nice Face.mkv	OK
/Volumes/nas/media/raw/bluray/tv/Killing Eve- Season One/Killing Eve - s01e02 - Ill Deal With Him Later.mkv	OK
/Volumes/nas/media/raw/bluray/tv/Killing Eve- Season One/Killing Eve - s01e03 - Dont I Know You.mkv	OK
/Volumes/nas/media/raw/bluray/tv/Killing Eve- Season One/Killing Eve - s01e06 - Take Me to the Hole!.mkv	OK
/Volumes/nas/media/raw/bluray/tv/Killing Eve- Season One/Killing Eve - s01e04 - Sorry Baby.mkv	OK
/Volumes/nas/media/raw/bluray/tv/Killing Eve- Season One/Season 2/Killing Eve - s02e07 - Wide Awake.mkv	OK
/Volumes/nas/media/raw/bluray/tv/Killing Eve- Season One/Season 2/Killing Eve - s02e03 - The Hungry Caterpillar.mkv	OK
/Volumes/nas/media/raw/bluray/tv/Killing Eve- Season One/Season 2/Killing Eve - s02e01 - Do You Know How to Dispose of a Body?.mkv	OK
/Volumes/nas/media/raw/bluray/tv/Killing Eve- Season One/Season 2/Killing Eve - s02e04 - Desperate Times.mkv	OK
/Volumes/nas/media/raw/bluray/tv/Killing Eve- Season One/Season 2/Killing Eve - s02e05 - Smell Ya Later.mkv	OK
/Volumes/nas/media/raw/dvd/tv/buffy/Buffy the Vampire Slayer - s07e03.mkv	OK
/Volumes/nas/media/raw/bluray/tv/Killing Eve- Season One/Season 2/Killing Eve - s02e08 - You're Mine.mkv	OK
/Volumes/nas/media/raw/bluray/tv/Killing Eve- Season One/Season 2/Killing Eve - s02e06 - Hope You Like Missionary.mkv	OK
/Volumes/nas/media/raw/bluray/tv/Killing Eve- Season One/Season 2/Killing Eve - s02e02 - Nice and Neat.mkv	OK
/Volumes/nas/media/raw/dvd/tv/buffy/Buffy the Vampire Slayer - s06e03 - Afterlife.mkv	OK
/Volumes/nas/media/raw/dvd/tv/buffy/Buffy the Vampire Slayer - s01e08 - I, Robot... You, Jane.mkv	OK
/Volumes/nas/media/raw/dvd/tv/buffy/Buffy the Vampire Slayer - s02e20 - Go Fish.mkv	OK
/Volumes/nas/media/raw/dvd/tv/buffy/Buffy the Vampire Slayer - s06e08 - Tabula Rasa.mkv	OK
/Volumes/nas/media/raw/dvd/tv/buffy/Buffy the Vampire Slayer - s07e08.mkv	OK
/Volumes/nas/media/raw/dvd/tv/buffy/Buffy the Vampire Slayer - s06e15 - As You Were.mkv	OK
/Volumes/nas/media/raw/dvd/tv/buffy/Buffy the Vampire Slayer - s06e06 - All the Way.mkv	OK
/Volumes/nas/media/raw/dvd/tv/buffy/Buffy the Vampire Slayer - s03e20 - The Prom.mkv	OK
/Volumes/nas/media/raw/dvd/tv/buffy/Buffy the Vampire Slayer - s06e16 - Hell's Bells.mkv	OK
/Volumes/nas/media/raw/dvd/tv/buffy/Buffy the Vampire Slayer - s05e10 - Into the Woods.mkv	OK
/Volumes/nas/media/raw/dvd/tv/buffy/Buffy the Vampire Slayer - s07e04.mkv	OK
/Volumes/nas/media/raw/dvd/tv/buffy/Buffy the Vampire Slayer - s04e19 - New Moon Rising.mkv	OK
/Volumes/nas/media/raw/dvd/tv/buffy/Buffy the Vampire Slayer - s02e08 - The Dark Age.mkv	OK
/Volumes/nas/media/raw/dvd/tv/buffy/Buffy the Vampire Slayer - s04e09 - Something Blue.mkv	OK
/Volumes/nas/media/raw/dvd/tv/buffy/Buffy the Vampire Slayer - s04e10 - Hush.mkv	OK
/Volumes/nas/media/raw/dvd/tv/buffy/Buffy the Vampire Slayer - s03e02 - Dead Mans Party.mkv	OK
/Volumes/nas/media/raw/dvd/tv/buffy/Buffy the Vampire Slayer - s03e01 - Anne.mkv	OK
/Volumes/nas/media/raw/dvd/tv/buffy/Buffy the Vampire Slayer - s01e04 - Teachers Pet.mkv	OK
/Volumes/nas/media/raw/dvd/tv/buffy/Buffy the Vampire Slayer - s07e15.mkv	OK
/Volumes/nas/media/raw/dvd/tv/buffy/Buffy the Vampire Slayer - s01e03 - Witch.mkv	OK
/Volumes/nas/media/raw/dvd/tv/buffy/Buffy the Vampire Slayer - s03e11 - Gingerbread.mkv	OK
/Volumes/nas/media/raw/dvd/tv/buffy/Buffy the Vampire Slayer - s03e16 - Doppelgangland.mkv	OK
/Volumes/nas/media/raw/dvd/tv/buffy/Buffy the Vampire Slayer - s06e20 - Villains.mkv	OK
/Volumes/nas/media/raw/dvd/tv/buffy/Buffy the Vampire Slayer - s01e07 - Angel.mkv	OK
/Volumes/nas/media/raw/dvd/tv/buffy/Buffy the Vampire Slayer - s06e12 - Doublemeat Palace.mkv	OK
/Volumes/nas/media/raw/dvd/tv/buffy/Buffy the Vampire Slayer - s06e09 - Smashed.mkv	OK
/Volumes/nas/media/raw/dvd/tv/buffy/Buffy the Vampire Slayer - s07e20.mkv	OK
/Volumes/nas/media/raw/dvd/tv/buffy/Buffy the Vampire Slayer - s02e06 - Halloween.mkv	OK
/Volumes/nas/media/raw/dvd/tv/buffy/Buffy the Vampire Slayer - s07e13.mkv	OK
/Volumes/nas/media/raw/dvd/tv/buffy/Buffy the Vampire Slayer - s04e12 - A New Man.mkv	OK
/Volumes/nas/media/raw/dvd/tv/buffy/Buffy the Vampire Slayer - s02e22 - Becoming (Part 2).mkv	OK
/Volumes/nas/media/raw/dvd/tv/buffy/Buffy the Vampire Slayer - s03e18 - Earshot.mkv	OK
/Volumes/nas/media/raw/dvd/tv/buffy/Buffy the Vampire Slayer - s03e19 - Choices.mkv	OK
/Volumes/nas/media/raw/dvd/tv/buffy/Buffy the Vampire Slayer - s06e07 - Once More, With Feeling.mkv	OK
/Volumes/nas/media/raw/dvd/tv/buffy/Buffy the Vampire Slayer - s04e22 - Restless.mkv	OK
/Volumes/nas/media/raw/dvd/tv/buffy/Buffy the Vampire Slayer - s01e02 - the Harvest.mkv	OK
/Volumes/nas/media/raw/dvd/tv/buffy/Buffy the Vampire Slayer - s02e01 - When She Was Bad.mkv	OK
/Volumes/nas/media/raw/dvd/tv/buffy/Buffy the Vampire Slayer - s07e10.mkv	OK
/Volumes/nas/media/raw/dvd/tv/buffy/Buffy the Vampire Slayer - s03e22 - Graduation Day 2.mkv	OK
/Volumes/nas/media/raw/dvd/tv/buffy/Buffy the Vampire Slayer - s04e01 - The Freshman.mkv	OK
/Volumes/nas/media/raw/dvd/tv/buffy/Buffy the Vampire Slayer - s03e15 - Consequences.mkv	OK
/Volumes/nas/media/raw/dvd/tv/buffy/Buffy the Vampire Slayer - s02e19 - I Only Have Eyes For You.mkv	OK
/Volumes/nas/media/raw/dvd/tv/buffy/Buffy the Vampire Slayer - s06e14 - Older and Far Away.mkv	OK
/Volumes/nas/media/raw/dvd/tv/buffy/Buffy the Vampire Slayer - s02e03 - School Hard.mkv	OK
/Volumes/nas/media/raw/dvd/tv/buffy/Buffy the Vampire Slayer - s05e12 - Checkpoint.mkv	OK
/Volumes/nas/media/raw/dvd/tv/buffy/Buffy the Vampire Slayer - s05e06 - Family.mkv	OK
/Volumes/nas/media/raw/dvd/tv/buffy/Buffy the Vampire Slayer - s06e22 - Grave.mkv	OK
/Volumes/nas/media/raw/dvd/tv/buffy/Buffy the Vampire Slayer - s07e21.mkv	OK
/Volumes/nas/media/raw/dvd/tv/buffy/Buffy the Vampire Slayer - s06e18 - Entropy.mkv	OK
/Volumes/nas/media/raw/dvd/tv/buffy/Buffy the Vampire Slayer - s05e11 - Triangle.mkv	OK
/Volumes/nas/media/raw/dvd/tv/buffy/Buffy the Vampire Slayer - s02e02 - Some Assembly Required.mkv	OK
/Volumes/nas/media/raw/dvd/tv/buffy/Buffy the Vampire Slayer - s06e11 - Gone.mkv	OK
/Volumes/nas/media/raw/dvd/tv/buffy/Buffy the Vampire Slayer - s06e13 - Dead Things.mkv	OK
/Volumes/nas/media/raw/dvd/tv/buffy/Buffy the Vampire Slayer - s03e13 - The Zeppo.mkv	OK
/Volumes/nas/media/raw/dvd/tv/buffy/Buffy the Vampire Slayer - s01e01 - Welcome to the Hellmouth.mkv	OK
/Volumes/nas/media/raw/dvd/tv/buffy/Buffy the Vampire Slayer - s05e09 - Listening to Fear.mkv	OK
/Volumes/nas/media/raw/dvd/tv/buffy/Buffy the Vampire Slayer - s05e07 - Fool For Love.mkv	OK
/Volumes/nas/media/raw/dvd/tv/buffy/Buffy the Vampire Slayer - s06e17 - Normal Again.mkv	OK
/Volumes/nas/media/raw/dvd/tv/buffy/Buffy the Vampire Slayer - s07e16.mkv	OK
/Volumes/nas/media/raw/dvd/tv/buffy/Buffy the Vampire Slayer - s04e04 - Fear Itself.mkv	OK
/Volumes/nas/media/raw/dvd/tv/buffy/Buffy the Vampire Slayer - s03e10 - Amends.mkv	OK
/Volumes/nas/media/raw/dvd/tv/buffy/Buffy the Vampire Slayer - s07e12.mkv	OK
/Volumes/nas/media/raw/dvd/tv/buffy/Buffy the Vampire Slayer - s07e19.mkv	OK
/Volumes/nas/media/raw/dvd/tv/buffy/Buffy the Vampire Slayer - s07e06.mkv	OK
/Volumes/nas/media/raw/dvd/tv/buffy/Buffy the Vampire Slayer - s04e17 - Superstar.mkv	OK
/Volumes/nas/media/raw/dvd/tv/buffy/Buffy the Vampire Slayer - s03e03 - Faith Hope and Trick.mkv	OK
/Volumes/nas/media/raw/dvd/tv/buffy/Buffy the Vampire Slayer - s05e19 - Tough Love.mkv	OK
/Volumes/nas/media/raw/dvd/tv/buffy/Buffy the Vampire Slayer - s05e21 - The Weight of the World.mkv	OK
/Volumes/nas/media/raw/dvd/tv/buffy/Buffy the Vampire Slayer - s03e07 - Revelations.mkv	OK
/Volumes/nas/media/raw/dvd/tv/buffy/Buffy the Vampire Slayer - s02e15 - Phases.mkv	OK
/Volumes/nas/media/raw/dvd/tv/buffy/Buffy the Vampire Slayer - s05e08 - Shadow.mkv	OK
/Volumes/nas/media/raw/dvd/tv/buffy/Buffy the Vampire Slayer - s03e12 - Helpless.mkv	OK
/Volumes/nas/media/raw/dvd/tv/buffy/Buffy the Vampire Slayer - s03e21 - Graduation Day 1.mkv	OK
/Volumes/nas/media/raw/dvd/tv/buffy/Buffy the Vampire Slayer - s04e18 - Where the Wild Things Are.mkv	OK
/Volumes/nas/media/raw/dvd/tv/buffy/Buffy the Vampire Slayer - s07e18.mkv	OK
/Volumes/nas/media/raw/dvd/tv/buffy/Buffy the Vampire Slayer - s07e07.mkv	OK
/Volumes/nas/media/raw/dvd/tv/buffy/Buffy the Vampire Slayer - s03e14 - Bad Girls.mkv	OK
/Volumes/nas/media/raw/dvd/tv/buffy/Buffy the Vampire Slayer - s07e05.mkv	OK
/Volumes/nas/media/raw/dvd/tv/buffy/Buffy the Vampire Slayer - s04e16 - Who Are You?.mkv	OK
/Volumes/nas/media/raw/dvd/tv/buffy/Buffy the Vampire Slayer - s02e17 - Passion.mkv	OK
/Volumes/nas/media/raw/dvd/tv/buffy/Buffy the Vampire Slayer - s05e02 - Real Me.mkv	OK
/Volumes/nas/media/raw/dvd/tv/buffy/Buffy the Vampire Slayer - s05e17 - Forever.mkv	OK
/Volumes/nas/media/raw/dvd/tv/buffy/Buffy the Vampire Slayer - s01e12 - Prophecy Girl.mkv	OK
/Volumes/nas/media/raw/dvd/tv/buffy/Buffy the Vampire Slayer - s04e02 - Living Conditions.mkv	OK
/Volumes/nas/media/raw/dvd/tv/buffy/Buffy the Vampire Slayer - s07e02.mkv	OK
/Volumes/nas/media/raw/dvd/tv/buffy/Buffy the Vampire Slayer - s04e13 - The I in Team.mkv	OK
/Volumes/nas/media/raw/dvd/tv/buffy/Buffy the Vampire Slayer - s02e04 - Inca Mummy Girl.mkv	OK
/Volumes/nas/media/raw/dvd/tv/buffy/Buffy the Vampire Slayer - s05e04 - Out of My Mind.mkv	OK
/Volumes/nas/media/raw/dvd/tv/buffy/Buffy the Vampire Slayer - s05e18 - Intervention.mkv	OK
/Volumes/nas/media/raw/dvd/tv/buffy/Buffy the Vampire Slayer - s06e01e02 - Bargaining.mkv	OK
/Volumes/nas/media/raw/dvd/tv/buffy/Buffy the Vampire Slayer - s04e15 - This Years Girl.mkv	OK
/Volumes/nas/media/raw/dvd/tv/buffy/Buffy the Vampire Slayer - s03e08 - Lovers Walk.mkv	OK
/Volumes/nas/media/raw/dvd/tv/buffy/Buffy the Vampire Slayer - s02e10 - What's My Line Part 2.mkv	OK
/Volumes/nas/media/raw/dvd/tv/buffy/Buffy the Vampire Slayer - s07e17.mkv	OK
/Volumes/nas/media/raw/dvd/tv/buffy/Buffy the Vampire Slayer - s05e14 - Crush.mkv	OK
/Volumes/nas/media/raw/dvd/tv/buffy/Buffy the Vampire Slayer - s02e16 - Bewitched, Bothered, and Bewildered.mkv	OK
/Volumes/nas/media/raw/dvd/tv/buffy/Buffy the Vampire Slayer - s03e05 - Homecoming.mkv	OK
/Volumes/nas/media/raw/dvd/tv/buffy/Buffy the Vampire Slayer - s04e14 - Goodbye Iowa.mkv	OK
/Volumes/nas/media/raw/dvd/tv/buffy/Buffy the Vampire Slayer - s07e22.mkv	OK
/Volumes/nas/media/raw/dvd/tv/buffy/Buffy the Vampire Slayer - s05e03 - The Replacement.mkv	OK
/Volumes/nas/media/raw/dvd/tv/buffy/Buffy the Vampire Slayer - s07e01.mkv	OK
/Volumes/nas/media/raw/dvd/tv/buffy/Buffy the Vampire Slayer - s02e18 - Killed by Death.mkv	OK
/Volumes/nas/media/raw/dvd/tv/buffy/Buffy the Vampire Slayer - s05e20 - Spiral.mkv	OK
/Volumes/nas/media/raw/dvd/tv/buffy/Buffy the Vampire Slayer - s01e10 - Nightmares.mkv	OK
/Volumes/nas/media/raw/dvd/tv/buffy/Buffy the Vampire Slayer - s02e09 - What's My Line Part 1.mkv	OK
/Volumes/nas/media/raw/dvd/tv/buffy/Buffy the Vampire Slayer - s02e05 - Reptile Boy.mkv	OK
/Volumes/nas/media/raw/dvd/tv/buffy/Buffy the Vampire Slayer - s04e21 - Primeval.mkv	OK
/Volumes/nas/media/raw/dvd/tv/buffy/Buffy the Vampire Slayer - s04e11 - Doomed.mkv	OK
/Volumes/nas/media/raw/dvd/tv/buffy/Buffy the Vampire Slayer - s05e05 - No Place Like Home.mkv	OK
/Volumes/nas/media/raw/dvd/tv/buffy/Buffy the Vampire Slayer - s02e21 - Becoming (Part 1).mkv	OK
/Volumes/nas/media/raw/dvd/tv/buffy/Buffy the Vampire Slayer - s03e04 - Beauty and the Beasts.mkv	OK
/Volumes/nas/media/raw/dvd/tv/buffy/Buffy the Vampire Slayer - s06e05 - Life Serial.mkv	OK
/Volumes/nas/media/raw/dvd/tv/buffy/Buffy the Vampire Slayer - s03e09 - The Wish.mkv	OK
/Volumes/nas/media/raw/dvd/tv/buffy/Buffy the Vampire Slayer - s03e17 - Enemies.mkv	OK
/Volumes/nas/media/raw/dvd/tv/buffy/Buffy the Vampire Slayer - s07e09.mkv	OK
/Volumes/nas/media/raw/dvd/tv/buffy/Buffy the Vampire Slayer - s04e03 - The Harsh Light of Day.mkv	OK
/Volumes/nas/media/raw/dvd/tv/buffy/Buffy the Vampire Slayer - s01e05 - Never Kill a Boy on the First Date.mkv	OK
/Volumes/nas/media/raw/dvd/tv/buffy/Buffy the Vampire Slayer - s02e14 - Innocence.mkv	OK
/Volumes/nas/media/raw/dvd/tv/buffy/Buffy the Vampire Slayer - s02e11 - Ted.mkv	OK
/Volumes/nas/media/raw/dvd/tv/buffy/Buffy the Vampire Slayer - s02e13 - Surprise.mkv	OK
/Volumes/nas/media/raw/dvd/tv/buffy/Buffy the Vampire Slayer - s06e19 - Seeing Red.mkv	OK
/Volumes/nas/media/raw/dvd/tv/buffy/Buffy the Vampire Slayer - s01e09 - The Puppet Show.mkv	OK
/Volumes/nas/media/raw/dvd/tv/buffy/Buffy the Vampire Slayer - s07e14.mkv	OK
/Volumes/nas/media/raw/dvd/tv/buffy/Buffy the Vampire Slayer - s02e12 - Bad Eggs.mkv	OK
/Volumes/nas/media/raw/dvd/tv/buffy/Buffy the Vampire Slayer - s06e10 - Wrecked.mkv	OK
/Volumes/nas/media/raw/dvd/tv/buffy/Buffy the Vampire Slayer - s03e06 - Band Candy.mkv	OK
/Volumes/nas/media/raw/dvd/tv/buffy/Buffy the Vampire Slayer - s01e06 - The Pack.mkv	OK
/Volumes/nas/media/raw/dvd/tv/buffy/Buffy the Vampire Slayer - s01e11 - Out of Mind, Out of Sight.mkv	OK
/Volumes/nas/media/raw/dvd/tv/buffy/Buffy the Vampire Slayer - s04e20 - The Yoko Factor.mkv	OK
/Volumes/nas/media/raw/dvd/tv/buffy/Buffy the Vampire Slayer - s05e15 - I Was Made to Love You.mkv	OK
/Volumes/nas/media/raw/dvd/tv/buffy/Buffy the Vampire Slayer - s06e21 - Two to Go.mkv	OK
/Volumes/nas/media/raw/dvd/tv/buffy/Buffy the Vampire Slayer - s02e07 - Lie to Me.mkv	OK
/Volumes/nas/media/raw/dvd/tv/buffy/Buffy the Vampire Slayer - s05e16 - The Body.mkv	OK
/Volumes/nas/media/raw/dvd/tv/buffy/Buffy the Vampire Slayer - s05e13 - Blood Ties.mkv	OK
/Volumes/nas/media/raw/dvd/tv/buffy/Buffy the Vampire Slayer - s05e22 - The Gift.mkv	OK
/Volumes/nas/media/raw/dvd/tv/buffy/Buffy the Vampire Slayer - s05e01 - Buffy vs Dracula.mkv	OK
/Volumes/nas/media/raw/dvd/tv/buffy/Buffy the Vampire Slayer - s06e04 - Flooded.mkv	OK
/Volumes/nas/media/raw/dvd/tv/buffy/Buffy the Vampire Slayer - s07e11.mkv	OK
/Volumes/nas/media/raw/dvd/tv/ash vs evil dead/Ash vs Evil Dead - s01e03 - Books from Beyond.mkv	OK
/Volumes/nas/media/raw/dvd/tv/ash vs evil dead/Ash vs Evil Dead - s03e06 - Tales from the Rift.mkv	OK
/Volumes/nas/media/raw/dvd/tv/ash vs evil dead/Ash vs Evil Dead - s03e07 - Twist and Shout.mkv	OK
/Volumes/nas/media/raw/dvd/tv/ash vs evil dead/Ash vs Evil Dead - s02e02 - The Morgue.mkv	OK
/Volumes/nas/media/raw/dvd/tv/ash vs evil dead/Ash vs Evil Dead - s02e03 - Last Call.mkv	OK
/Volumes/nas/media/raw/dvd/tv/ash vs evil dead/Ash vs Evil Dead - s01e07 - Fire in the Hole.mkv	OK
/Volumes/nas/media/raw/dvd/tv/ash vs evil dead/Ash vs Evil Dead - s03e02 - Booth Tree.mkv	OK
/Volumes/nas/media/raw/dvd/tv/ash vs evil dead/Ash vs Evil Dead - s02e05 - Confinement.mkv	OK
/Volumes/nas/media/raw/dvd/tv/ash vs evil dead/Ash vs Evil Dead - s02e08 - Ashy Slashy.mkv	OK
/Volumes/nas/media/raw/dvd/tv/ash vs evil dead/Ash vs Evil Dead - s03e08 - Rifting Apart.mkv	OK
/Volumes/nas/media/raw/dvd/tv/ash vs evil dead/Ash vs Evil Dead - s03e03 - Apparently Dead.mkv	OK
/Volumes/nas/media/raw/dvd/tv/ash vs evil dead/Ash vs Evil Dead - s01e08 - Ashes to Ashes.mkv	OK
/Volumes/nas/media/raw/dvd/tv/ash vs evil dead/Ash vs Evil Dead - s02e04 - DUI.mkv	OK
/Volumes/nas/media/raw/dvd/tv/ash vs evil dead/Ash vs Evil Dead - s03e01 - Family.mkv	OK
/Volumes/nas/media/raw/dvd/tv/ash vs evil dead/Ash vs Evil Dead - s03e04 - Unfinished Business.mkv	DEGENERATE_SUB(1)
/Volumes/nas/media/raw/dvd/tv/ash vs evil dead/Ash vs Evil Dead - s01e09 - Bound in Flesh.mkv	OK
/Volumes/nas/media/raw/dvd/tv/ash vs evil dead/Ash vs Evil Dead - s03e05 - Baby Proof.mkv	DEGENERATE_SUB(1)
/Volumes/nas/media/raw/dvd/tv/ash vs evil dead/Ash vs Evil Dead - s01e06 - The Killer of Killers.mkv	OK
/Volumes/nas/media/raw/dvd/tv/ash vs evil dead/Ash vs Evil Dead - s02e07 - Delusion.mkv	OK
/Volumes/nas/media/raw/dvd/tv/ash vs evil dead/Ash vs Evil Dead - s03e10 - The Mettle of Man.mkv	OK
/Volumes/nas/media/raw/dvd/tv/ash vs evil dead/Ash vs Evil Dead - s01e01 - El Jefe.mkv	OK
/Volumes/nas/media/raw/dvd/tv/ash vs evil dead/Ash vs Evil Dead - s02e01 - Home.mkv	OK
/Volumes/nas/media/raw/dvd/tv/ash vs evil dead/Ash vs Evil Dead - s01e02 - Bait.mkv	OK
/Volumes/nas/media/raw/dvd/tv/ash vs evil dead/Ash vs Evil Dead - s02e10 - Second Coming.mkv	DEGENERATE_SUB(2)
/Volumes/nas/media/raw/dvd/tv/ash vs evil dead/Ash vs Evil Dead - s03e09 - Judgement Day.mkv	OK
/Volumes/nas/media/raw/dvd/tv/ash vs evil dead/Ash vs Evil Dead - s01e04 - Brujo.mkv	OK
/Volumes/nas/media/raw/dvd/tv/ash vs evil dead/Ash vs Evil Dead - s01e10 - The Dark One.mkv	OK
/Volumes/nas/media/raw/dvd/tv/ash vs evil dead/Ash vs Evil Dead - s02e09 - Home Again.mkv	OK
/Volumes/nas/media/raw/dvd/tv/ash vs evil dead/Ash vs Evil Dead - s01e05 - The Host.mkv	OK
/Volumes/nas/media/raw/dvd/tv/ash vs evil dead/Ash vs Evil Dead - s02e06 - Trapped Inside.mkv	DEGENERATE_SUB(2)
/Volumes/nas/media/raw/dvd/tv/parks and recreation/Parks and Recreation - s05e09 - Ron and Diane.mkv	OK
/Volumes/nas/media/raw/dvd/tv/parks and recreation/Parks and Recreation - s05e05 - Halloween Surprise.mkv	OK
/Volumes/nas/media/raw/dvd/tv/parks and recreation/Parks and Recreation - s04e20 - The Debate.mkv	OK
/Volumes/nas/media/raw/dvd/tv/parks and recreation/Parks and Recreation - s03e07 - Harvest Festival.mkv	OK
/Volumes/nas/media/raw/dvd/tv/parks and recreation/Parks and Recreation - s05e07 - Leslie vs April.mkv	OK
/Volumes/nas/media/raw/dvd/tv/parks and recreation/Parks and Recreation - s04e19 - Live Ammo.mkv	OK
/Volumes/nas/media/raw/dvd/tv/parks and recreation/Parks and Recreation - s06e17 - Galentines Day.mkv	OK
/Volumes/nas/media/raw/dvd/tv/parks and recreation/Parks and Recreation - s04e04 - Pawnee Rangers.mkv	OK
/Volumes/nas/media/raw/dvd/tv/parks and recreation/Parks and Recreation - s02e02 - The Stakeout.mkv	OK
/Volumes/nas/media/raw/dvd/tv/parks and recreation/Parks and Recreation - s07e02 - Ron and Jammy.mkv	OK
/Volumes/nas/media/raw/dvd/tv/parks and recreation/Parks and Recreation - s07e06 - Save JJs.mkv	OK
/Volumes/nas/media/raw/dvd/tv/parks and recreation/Parks and Recreation - s04e09 - The Trial of Leslie Knope.mkv	OK
/Volumes/nas/media/raw/dvd/tv/parks and recreation/Parks and Recreation - s03e03 - Time Capsule.mkv	OK
/Volumes/nas/media/raw/dvd/tv/parks and recreation/Parks and Recreation - s04e21 - Bus Tour.mkv	OK
/Volumes/nas/media/raw/dvd/tv/parks and recreation/Parks and Recreation - s03e06 - Indianapolis.mkv	OK
/Volumes/nas/media/raw/dvd/tv/parks and recreation/Parks and Recreation - s01e03 - The Reporter.mkv	OK
/Volumes/nas/media/raw/dvd/tv/parks and recreation/Parks and Recreation - s01e05 - The Banquet.mkv	OK
/Volumes/nas/media/raw/dvd/tv/parks and recreation/Parks and Recreation - s04e02 - Ron and Tammy's.mkv	OK
/Volumes/nas/media/raw/dvd/tv/parks and recreation/Parks and Recreation - s02e11 - Tom's Divorce.mkv	OK
/Volumes/nas/media/raw/dvd/tv/parks and recreation/Parks and Recreation - s07e09 - Pie Mary.mkv	OK
/Volumes/nas/media/raw/dvd/tv/parks and recreation/Parks and Recreation - s05e13 - Are You Better Off.mkv	OK
/Volumes/nas/media/raw/dvd/tv/parks and recreation/Parks and Recreation - s05e04 - Sex Education.mkv	OK
/Volumes/nas/media/raw/dvd/tv/parks and recreation/Parks and Recreation - s05e01 - Ms Knope Goes to Washington.mkv	OK
/Volumes/nas/media/raw/dvd/tv/parks and recreation/Parks and Recreation - s03e12 - Eagleton.mkv	OK
/Volumes/nas/media/raw/dvd/tv/parks and recreation/Parks and Recreation - s05e11 - Women in Garbage.mkv	OK
/Volumes/nas/media/raw/dvd/tv/parks and recreation/Parks and Recreation - s06e11 - New Beginnings.mkv	OK
/Volumes/nas/media/raw/dvd/tv/parks and recreation/Parks and Recreation - s06e10 - Second Chunce.mkv	OK
/Volumes/nas/media/raw/dvd/tv/parks and recreation/Parks and Recreation - s02e08 - Ron and Tammy.mkv	OK
/Volumes/nas/media/raw/dvd/tv/parks and recreation/Parks and Recreation - s06e06 - Filibuster.mkv	OK
/Volumes/nas/media/raw/dvd/tv/parks and recreation/Parks and Recreation - s07e12 - One Last Ride.mkv	OK
/Volumes/nas/media/raw/dvd/tv/parks and recreation/Parks and Recreation - s03e16 - Li'l Sebastian.mkv	OK
/Volumes/nas/media/raw/dvd/tv/parks and recreation/Parks and Recreation - s06e05 - Gin it Up.mkv	OK
/Volumes/nas/media/raw/dvd/tv/parks and recreation/Parks and Recreation - s06e15 - The Wall.mkv	OK
/Volumes/nas/media/raw/dvd/tv/parks and recreation/Parks and Recreation - s07e03 - William Henry Harrison.mkv	OK
/Volumes/nas/media/raw/dvd/tv/parks and recreation/Parks and Recreation - s03e08 - Camping.mkv	OK
/Volumes/nas/media/raw/dvd/tv/parks and recreation/Parks and Recreation - s02e18 - The Possum.mkv	OK
/Volumes/nas/media/raw/dvd/tv/parks and recreation/Parks and Recreation - s02e6 - Kaboom.mkv	OK
/Volumes/nas/media/raw/dvd/tv/parks and recreation/Parks and Recreation - s06e01e02 - London.mkv	OK
/Volumes/nas/media/raw/dvd/tv/parks and recreation/Parks and Recreation - s06e20 - One in 8000.mkv	OK
/Volumes/nas/media/raw/dvd/tv/parks and recreation/Parks and Recreation - s04e05 - Meet N Greet.mkv	OK
/Volumes/nas/media/raw/dvd/tv/parks and recreation/Parks and Recreation - s06e07 - Recall Vote.mkv	OK
/Volumes/nas/media/raw/dvd/tv/parks and recreation/Parks and Recreation - s03e01 - Go Big or Go Home.mkv	OK
/Volumes/nas/media/raw/dvd/tv/parks and recreation/Parks and Recreation - s05e17 - Partridge.mkv	OK
/Volumes/nas/media/raw/dvd/tv/parks and recreation/Parks and Recreation - s05e06 - Bens Parents.mkv	OK
/Volumes/nas/media/raw/dvd/tv/parks and recreation/Parks and Recreation - s06e08 - Flouride.mkv	OK
/Volumes/nas/media/raw/dvd/tv/parks and recreation/Parks and Recreation - s05e15 - Correspondents Lunch.mkv	OK
/Volumes/nas/media/raw/dvd/tv/parks and recreation/Parks and Recreation - s04e08 - Smallest Park.mkv	OK
/Volumes/nas/media/raw/dvd/tv/parks and recreation/Parks and Recreation - s04e16 - Sweet Sixteen.mkv	OK
/Volumes/nas/media/raw/dvd/tv/parks and recreation/Parks and Recreation - s01e04 - Boys' Club.mkv	OK
/Volumes/nas/media/raw/dvd/tv/parks and recreation/Parks and Recreation - s07e10 - Johnny Karate  Super Awesome Musical Explosion Show.mkv	OK
/Volumes/nas/media/raw/dvd/tv/parks and recreation/Parks and Recreation - s02e23 - The Master Plan.mkv	OK
/Volumes/nas/media/raw/dvd/tv/parks and recreation/Parks and Recreation - s04e22 - Win, Lose, or Draw.mkv	OK
/Volumes/nas/media/raw/dvd/tv/parks and recreation/Parks and Recreation - s07e01 - 2017.mkv	OK
/Volumes/nas/media/raw/dvd/tv/parks and recreation/Parks and Recreation - s05e02 - Soda Tax.mkv	OK
/Volumes/nas/media/raw/dvd/tv/parks and recreation/Parks and Recreation - s02e19 - Park Safety.mkv	OK
/Volumes/nas/media/raw/dvd/tv/parks and recreation/Parks and Recreation - s06e13 - Ann and Chris.mkv	OK
/Volumes/nas/media/raw/dvd/tv/parks and recreation/Parks and Recreation - s02e20 - Summer Catalog.mkv	OK
/Volumes/nas/media/raw/dvd/tv/parks and recreation/Parks and Recreation - s01e02 - Canvassing.mkv	OK
/Volumes/nas/media/raw/dvd/tv/parks and recreation/Parks and Recreation - s06e16 - New Slogan.mkv	OK
/Volumes/nas/media/raw/dvd/tv/parks and recreation/Parks and Recreation - s02e13 - The Set Up.mkv	OK
/Volumes/nas/media/raw/dvd/tv/parks and recreation/Parks and Recreation - s06e21 - Moving Up.mkv	OK
/Volumes/nas/media/raw/dvd/tv/parks and recreation/Parks and Recreation - s03e15 - The Bubble.mkv	OK
/Volumes/nas/media/raw/dvd/tv/parks and recreation/Parks and Recreation - s02e04 - Practice Date.mkv	OK
/Volumes/nas/media/raw/dvd/tv/parks and recreation/Parks and Recreation - s05e13 - Emergency Response.mkv	OK
/Volumes/nas/media/raw/dvd/tv/parks and recreation/Parks and Recreation - s02e17.mkv	OK
/Volumes/nas/media/raw/dvd/tv/parks and recreation/Parks and Recreation - s02e03 - Beauty Pageant.mkv	OK
/Volumes/nas/media/raw/dvd/tv/parks and recreation/Parks and Recreation - s04e13 - Bowling For Votes.mkv	OK
/Volumes/nas/media/raw/dvd/tv/parks and recreation/Parks and Recreation - s02e15 - Sweetums.mkv	OK
/Volumes/nas/media/raw/dvd/tv/parks and recreation/Parks and Recreation - s03e14 - Road Trip.mkv	OK
/Volumes/nas/media/raw/dvd/tv/parks and recreation/Parks and Recreation - s03e04 - Ron and Tammy 2.mkv	OK
/Volumes/nas/media/raw/dvd/tv/parks and recreation/Parks and Recreation - s03e02 - Flu Season.mkv	OK
/Volumes/nas/media/raw/dvd/tv/parks and recreation/Parks and Recreation - s05e12 - Anns Decision.mkv	OK
/Volumes/nas/media/raw/dvd/tv/parks and recreation/Parks and Recreation - s02e24 - Freddy Spaghetti.mkv	OK
/Volumes/nas/media/raw/dvd/tv/parks and recreation/Parks and Recreation - s06e12 - Farmers Market.mkv	OK
/Volumes/nas/media/raw/dvd/tv/parks and recreation/Parks and Recreation - s04e01 - I'm Leslie Knope.mkv	OK
/Volumes/nas/media/raw/dvd/tv/parks and recreation/Parks and Recreation - s04e18 - Lucky.mkv	OK
/Volumes/nas/media/raw/dvd/tv/parks and recreation/Parks and Recreation - s02e09 - The Camel.mkv	OK
/Volumes/nas/media/raw/dvd/tv/parks and recreation/Parks and Recreation - s02e12 - Christmas Scandal.mkv	OK
/Volumes/nas/media/raw/dvd/tv/parks and recreation/Parks and Recreation - s07e07 - Donna and Jow.mkv	OK
/Volumes/nas/media/raw/dvd/tv/parks and recreation/Parks and Recreation - s06e09 - The Cones of Dunshire.mkv	OK
/Volumes/nas/media/raw/dvd/tv/parks and recreation/Parks and Recreation - s05e10 - Two Parties.mkv	OK
/Volumes/nas/media/raw/dvd/tv/parks and recreation/Parks and Recreation - s01e06 - Rock Show.mkv	OK
/Volumes/nas/media/raw/dvd/tv/parks and recreation/Parks and Recreation - s04e11 - The Comeback Kid.mkv	OK
/Volumes/nas/media/raw/dvd/tv/parks and recreation/Parks and Recreation - s06e03 - The Pawnee Eagleton Tip Off Classic.mkv	OK
/Volumes/nas/media/raw/dvd/tv/parks and recreation/Parks and Recreation - s04e06 - The End of the World.mkv	OK
/Volumes/nas/media/raw/dvd/tv/parks and recreation/Parks and Recreation - s06e14 - Anniversaries.mkv	OK
/Volumes/nas/media/raw/dvd/tv/parks and recreation/Parks and Recreation - s06e19 - Flu Season 2.mkv	OK
/Volumes/nas/media/raw/dvd/tv/parks and recreation/Parks and Recreation - s04e15 - Dave Returns.mkv	OK
/Volumes/nas/media/raw/dvd/tv/parks and recreation/Parks and Recreation - s05e14 - Leslie and Ben.mkv	OK
/Volumes/nas/media/raw/dvd/tv/parks and recreation/Parks and Recreation - s04e03 - Born and Raised.mkv	OK
/Volumes/nas/media/raw/dvd/tv/parks and recreation/Parks and Recreation - s02e16 - Galentines Day.mkv	OK
/Volumes/nas/media/raw/dvd/tv/parks and recreation/Parks and Recreation - s05e08 - Pawnee Commons.mkv	OK
/Volumes/nas/media/raw/dvd/tv/parks and recreation/Parks and Recreation - s05e16 - Bailout.mkv	OK
/Volumes/nas/media/raw/dvd/tv/parks and recreation/Parks and Recreation - s02e22 - Telethon.mkv	OK
/Volumes/nas/media/raw/dvd/tv/parks and recreation/Parks and Recreation - s05e21 - Swing Vote.mkv	OK
/Volumes/nas/media/raw/dvd/tv/parks and recreation/Parks and Recreation - s02e21 - 94 Meetings.mkv	OK
/Volumes/nas/media/raw/dvd/tv/parks and recreation/Parks and Recreation - s06e04 - Dopplegangers.mkv	OK
/Volumes/nas/media/raw/dvd/tv/parks and recreation/Parks and Recreation - s02e05 - Sister City.mkv	OK
/Volumes/nas/media/raw/dvd/tv/parks and recreation/Parks and Recreation - s04e10 - Citizen Knope.mkv	OK
/Volumes/nas/media/raw/dvd/tv/parks and recreation/Parks and Recreation - s02e10 - Hunting Trip.mkv	OK
/Volumes/nas/media/raw/dvd/tv/parks and recreation/Parks and Recreation - s02e01 - Pawnee Zoo'.mkv	OK
/Volumes/nas/media/raw/dvd/tv/parks and recreation/Parks and Recreation - s01e01 - Pilot.mkv	OK
/Volumes/nas/media/raw/dvd/tv/parks and recreation/Parks and Recreation - s04e17 - Campaign Shake Up.mkv	OK
/Volumes/nas/media/raw/dvd/tv/parks and recreation/Parks and Recreation - s04e12 - Campaign Ad.mkv	OK
/Volumes/nas/media/raw/dvd/tv/parks and recreation/Parks and Recreation - s07e05 - Gryzzlbox.mkv	OK
/Volumes/nas/media/raw/dvd/tv/parks and recreation/Parks and Recreation - s06e18 - Prom.mkv	OK
/Volumes/nas/media/raw/dvd/tv/parks and recreation/Parks and Recreation - s03e05 - Media Blitz.mkv	OK
/Volumes/nas/media/raw/dvd/tv/parks and recreation/Parks and Recreation - s03e10 - Soulmates.mkv	OK
/Volumes/nas/media/raw/dvd/tv/parks and recreation/Parks and Recreation - s05e18 - Animal Control.mkv	OK
/Volumes/nas/media/raw/dvd/tv/parks and recreation/Parks and Recreation - s05e03 - How a Bill Becomes a Law.mkv	OK
/Volumes/nas/media/raw/dvd/tv/parks and recreation/Parks and Recreation - s07e11 - Two Funerals.mkv	OK
/Volumes/nas/media/raw/dvd/tv/parks and recreation/Parks and Recreation - s02e07 - Greg Pikitis.mkv	OK
/Volumes/nas/media/raw/dvd/tv/parks and recreation/Parks and Recreation - s03e11 - Jerry's Painting.mkv	OK
/Volumes/nas/media/raw/dvd/tv/parks and recreation/Parks and Recreation - s05e19 - Article Two.mkv	OK
/Volumes/nas/media/raw/dvd/tv/parks and recreation/Parks and Recreation - s02e14 - Leslie's House.mkv	OK
/Volumes/nas/media/raw/dvd/tv/parks and recreation/Parks and Recreation - s07e08 - Ms Ludgate-Dwyer Goes to Washington.mkv	OK
/Volumes/nas/media/raw/dvd/tv/parks and recreation/Parks and Recreation - s05e20 - Jerrys Retirement.mkv	OK
/Volumes/nas/media/raw/dvd/tv/parks and recreation/Parks and Recreation - s07e04 - Leslie and Ron.mkv	OK
/Volumes/nas/media/raw/dvd/tv/parks and recreation/Parks and Recreation - s04e14 - Operation Ann.mkv	OK
/Volumes/nas/media/raw/dvd/tv/parks and recreation/Parks and Recreation - s03e13 - The Fight.mkv	OK
/Volumes/nas/media/raw/dvd/tv/parks and recreation/Parks and Recreation - s04e07 - The Treaty.mkv	OK
/Volumes/nas/media/raw/dvd/tv/parks and recreation/Parks and Recreation - s03e09 - Fancy Party.mkv	OK
/Volumes/nas/media/raw/dvd/tv/the 100/The 100 - s07e16.mkv	OK
/Volumes/nas/media/raw/dvd/tv/the 100/The 100 - s03e05.mkv	OK
/Volumes/nas/media/raw/dvd/tv/the 100/The 100 - s02e04.mkv	OK
/Volumes/nas/media/raw/dvd/tv/the 100/The 100 - s02e03.mkv	OK
/Volumes/nas/media/raw/dvd/tv/the 100/The 100 - s01e04.mkv	OK
/Volumes/nas/media/raw/dvd/tv/the 100/The 100 - s02e15.mkv	OK
/Volumes/nas/media/raw/dvd/tv/the 100/The 100 - s02e01.mkv	OK
/Volumes/nas/media/raw/dvd/tv/the 100/The 100 - s03e04.mkv	OK
/Volumes/nas/media/raw/dvd/tv/the 100/The 100 - s01e05.mkv	OK
/Volumes/nas/media/raw/dvd/tv/the 100/The 100 - s02e12.mkv	OK
/Volumes/nas/media/raw/dvd/tv/the 100/The 100 - s07e04.mkv	OK
/Volumes/nas/media/raw/dvd/tv/the 100/The 100 - s03e16.mkv	OK
/Volumes/nas/media/raw/dvd/tv/the 100/The 100 - s03e03.mkv	OK
/Volumes/nas/media/raw/dvd/tv/the 100/The 100 - s05e11.mkv	OK
/Volumes/nas/media/raw/dvd/tv/the 100/The 100 - s06e13.mkv	OK
/Volumes/nas/media/raw/dvd/tv/the 100/The 100 - s01e08.mkv	OK
/Volumes/nas/media/raw/dvd/tv/the 100/The 100 - s03e01.mkv	OK
/Volumes/nas/media/raw/dvd/tv/the 100/The 100 - s03e15.mkv	OK
/Volumes/nas/media/raw/dvd/tv/the 100/The 100 - s05e09.mkv	OK
/Volumes/nas/media/raw/dvd/tv/the 100/The 100 - s06e06.mkv	OK
/Volumes/nas/media/raw/dvd/tv/the 100/The 100 - s04e04.mkv	OK
/Volumes/nas/media/raw/dvd/tv/the 100/The 100 - s03e13.mkv	OK
/Volumes/nas/media/raw/dvd/tv/the 100/The 100 - s04e03.mkv	OK
/Volumes/nas/media/raw/dvd/tv/the 100/The 100 - s07e12.mkv	OK
/Volumes/nas/media/raw/dvd/tv/the 100/The 100 - s01e02.mkv	OK
/Volumes/nas/media/raw/dvd/tv/the 100/The 100 - s01e12.mkv	OK
/Volumes/nas/media/raw/dvd/tv/the 100/The 100 - s07e09.mkv	OK
/Volumes/nas/media/raw/dvd/tv/the 100/The 100 - s02e11.mkv	OK
/Volumes/nas/media/raw/dvd/tv/the 100/The 100 - s05e07.mkv	OK
/Volumes/nas/media/raw/dvd/tv/the 100/The 100 - s07e02.mkv	OK
/Volumes/nas/media/raw/dvd/tv/the 100/The 100 - s03e02.mkv	OK
/Volumes/nas/media/raw/dvd/tv/the 100/The 100 - s07e06.mkv	OK
/Volumes/nas/media/raw/dvd/tv/the 100/The 100 - s07e07.mkv	OK
/Volumes/nas/media/raw/dvd/tv/the 100/The 100 - s03e11.mkv	OK
/Volumes/nas/media/raw/dvd/tv/the 100/The 100 - s07e14.mkv	OK
/Volumes/nas/media/raw/dvd/tv/the 100/The 100 - s03e10.mkv	OK
/Volumes/nas/media/raw/dvd/tv/the 100/The 100 - s07e03.mkv	OK
/Volumes/nas/media/raw/dvd/tv/the 100/The 100 - s02e02.mkv	OK
/Volumes/nas/media/raw/dvd/tv/the 100/The 100 - s03e07.mkv	OK
/Volumes/nas/media/raw/dvd/tv/the 100/The 100 - s07e10.mkv	OK
/Volumes/nas/media/raw/dvd/tv/the 100/The 100 - s01e11.mkv	OK
/Volumes/nas/media/raw/dvd/tv/the 100/The 100 - s04e07.mkv	OK
/Volumes/nas/media/raw/dvd/tv/the 100/The 100 - s04e02.mkv	OK
/Volumes/nas/media/raw/dvd/tv/the 100/The 100 - s01e10.mkv	OK
/Volumes/nas/media/raw/dvd/tv/the 100/The 100 - s03e09.mkv	OK
/Volumes/nas/media/raw/dvd/tv/the 100/The 100 - s03e14.mkv	OK
/Volumes/nas/media/raw/dvd/tv/the 100/The 100 - s04e05.mkv	OK
/Volumes/nas/media/raw/dvd/tv/the 100/The 100 - s05e06.mkv	OK
/Volumes/nas/media/raw/dvd/tv/the 100/The 100 - s07e11.mkv	OK
/Volumes/nas/media/raw/dvd/tv/the 100/The 100 - s04e09.mkv	OK
/Volumes/nas/media/raw/dvd/tv/the 100/The 100 - s07e08.mkv	OK
/Volumes/nas/media/raw/dvd/tv/the 100/The 100 - s06e08.mkv	OK
/Volumes/nas/media/raw/dvd/tv/the 100/The 100 - s05e13.mkv	OK
/Volumes/nas/media/raw/dvd/tv/the 100/The 100 - s05e10.mkv	OK
/Volumes/nas/media/raw/dvd/tv/the 100/The 100 - s01e03.mkv	OK
/Volumes/nas/media/raw/dvd/tv/the 100/The 100 - s07e15.mkv	OK
/Volumes/nas/media/raw/dvd/tv/the 100/The 100 - s05e03.mkv	OK
/Volumes/nas/media/raw/dvd/tv/the 100/The 100 - s05e04.mkv	OK
/Volumes/nas/media/raw/dvd/tv/the 100/The 100 - s02e10.mkv	OK
/Volumes/nas/media/raw/dvd/tv/the 100/The 100 - s05e01.mkv	OK
/Volumes/nas/media/raw/dvd/tv/the 100/The 100 - s04e12.mkv	OK
/Volumes/nas/media/raw/dvd/tv/the 100/The 100 - s07e01.mkv	OK
/Volumes/nas/media/raw/dvd/tv/the 100/The 100 - s03e12.mkv	OK
/Volumes/nas/media/raw/dvd/tv/the 100/The 100 - s06e02.mkv	OK
/Volumes/nas/media/raw/dvd/tv/the 100/The 100 - s01e06.mkv	OK
/Volumes/nas/media/raw/dvd/tv/the 100/The 100 - s02e14.mkv	OK
/Volumes/nas/media/raw/dvd/tv/the 100/The 100 - s06e11.mkv	OK
/Volumes/nas/media/raw/dvd/tv/the 100/The 100 - s06e01.mkv	OK
/Volumes/nas/media/raw/dvd/tv/the 100/The 100 - s06e10.mkv	OK
/Volumes/nas/media/raw/dvd/tv/the 100/The 100 - s07e05.mkv	OK
/Volumes/nas/media/raw/dvd/tv/the 100/The 100 - s04e13.mkv	OK
/Volumes/nas/media/raw/dvd/tv/the 100/The 100 - s06e12.mkv	OK
/Volumes/nas/media/raw/dvd/tv/the 100/The 100 - s01e07.mkv	OK
/Volumes/nas/media/raw/dvd/tv/the 100/The 100 - s05e02.mkv	OK
/Volumes/nas/media/raw/dvd/tv/the 100/The 100 - s06e09.mkv	OK
/Volumes/nas/media/raw/dvd/tv/the 100/The 100 - s02e13.mkv	OK
/Volumes/nas/media/raw/dvd/tv/the 100/The 100 - s06e04.mkv	OK
/Volumes/nas/media/raw/dvd/tv/the 100/The 100 - s01e01.mkv	OK
/Volumes/nas/media/raw/dvd/tv/the 100/The 100 - s05e12.mkv	OK
/Volumes/nas/media/raw/dvd/tv/the 100/The 100 - s02e16.mkv	OK
/Volumes/nas/media/raw/dvd/tv/the 100/The 100 - s01e09.mkv	OK
/Volumes/nas/media/raw/dvd/tv/the 100/The 100 - s02e05.mkv	OK
/Volumes/nas/media/raw/dvd/tv/the 100/The 100 - s04e10.mkv	OK
/Volumes/nas/media/raw/dvd/tv/the 100/The 100 - s04e11.mkv	OK
/Volumes/nas/media/raw/dvd/tv/the 100/The 100 - s02e06.mkv	OK
/Volumes/nas/media/raw/dvd/tv/the 100/The 100 - s05e05.mkv	OK
/Volumes/nas/media/raw/dvd/tv/the 100/The 100 - s05e08.mkv	OK
/Volumes/nas/media/raw/dvd/tv/the 100/The 100 - s06e07.mkv	OK
/Volumes/nas/media/raw/dvd/tv/the 100/The 100 - s03e08.mkv	OK
/Volumes/nas/media/raw/dvd/tv/the 100/The 100 - s02e08.mkv	OK
/Volumes/nas/media/raw/dvd/tv/the 100/The 100 - s04e06.mkv	OK
/Volumes/nas/media/raw/dvd/tv/the 100/The 100 - s04e01.mkv	OK
/Volumes/nas/media/raw/dvd/tv/the 100/The 100 - s04e08.mkv	OK
/Volumes/nas/media/raw/dvd/tv/the 100/The 100 - s01e13.mkv	OK
/Volumes/nas/media/raw/dvd/tv/the 100/The 100 - s02e09.mkv	OK
/Volumes/nas/media/raw/dvd/tv/the 100/The 100 - s02e07.mkv	OK
/Volumes/nas/media/raw/dvd/tv/the 100/The 100 - s06e03.mkv	OK
/Volumes/nas/media/raw/dvd/tv/the 100/The 100 - s07e13.mkv	OK
/Volumes/nas/media/raw/dvd/tv/the 100/The 100 - s03e06.mkv	OK
/Volumes/nas/media/raw/dvd/tv/the office/The Office - s04e11 - Survivor Man.mkv	OK
/Volumes/nas/media/raw/dvd/tv/the office/The Office - s07e08 - Viewing Party.mkv	OK
/Volumes/nas/media/raw/dvd/tv/the office/The Office - s08e02 - The Incentive.mkv	OK
/Volumes/nas/media/raw/dvd/tv/the office/The Office - s08e23 - Turf War.mkv	OK
/Volumes/nas/media/raw/dvd/tv/the office/The Office - s09e07 - The Whale.mkv	OK
/Volumes/nas/media/raw/dvd/tv/the office/The Office - s05e07 - Business Trip.mkv	OK
/Volumes/nas/media/raw/dvd/tv/the office/The Office - s08e13 - Jury Duty.mkv	OK
/Volumes/nas/media/raw/dvd/tv/the office/The Office - s05e18 - New Boss.mkv	OK
/Volumes/nas/media/raw/dvd/tv/the office/The Office - s03e06 - Diwali.mkv	OK
/Volumes/nas/media/raw/dvd/tv/the office/The Office - s06e07 - The Lover.mkv	OK
/Volumes/nas/media/raw/dvd/tv/the office/The Office - s05e19 - Two Weeks.mkv	OK
/Volumes/nas/media/raw/dvd/tv/the office/The Office - s04e09 - Local Ad.mkv	OK
/Volumes/nas/media/raw/dvd/tv/the office/The Office - s07e12 - Ultimatum.mkv	OK
/Volumes/nas/media/raw/dvd/tv/the office/The Office - s04e17 - Job Fair.mkv	OK
/Volumes/nas/media/raw/dvd/tv/the office/The Office - s05e26 - Company Picnic.mkv	OK
/Volumes/nas/media/raw/dvd/tv/the office/The Office - s08e07 - Pam's Replacement.mkv	OK
/Volumes/nas/media/raw/dvd/tv/the office/The Office - s06e22 - Secretary's Day.mkv	OK
/Volumes/nas/media/raw/dvd/tv/the office/The Office - s04e03 - Dunder Mifflin Infinity.mkv	OK
/Volumes/nas/media/raw/dvd/tv/the office/The Office - s02e02 - Sexual Harassment.mkv	OK
/Volumes/nas/media/raw/dvd/tv/the office/The Office - s08e03 - Lotto.mkv	OK
/Volumes/nas/media/raw/dvd/tv/the office/The Office - s09e02 - Roy's Wedding.mkv	OK
/Volumes/nas/media/raw/dvd/tv/the office/The Office - s08e17 - Test the Store.mkv	OK
/Volumes/nas/media/raw/dvd/tv/the office/The Office - s07e04 - Sex Ed.mkv	OK
/Volumes/nas/media/raw/dvd/tv/the office/The Office - s05e02 - Business Ethics.mkv	OK
/Volumes/nas/media/raw/dvd/tv/the office/The Office - s05e24 - Casual Friday.mkv	OK
/Volumes/nas/media/raw/dvd/tv/the office/The Office - s05e14 - Lecture Circuit 1.mkv	OK
/Volumes/nas/media/raw/dvd/tv/the office/The Office - s08e08 - Gettysburg.mkv	OK
/Volumes/nas/media/raw/dvd/tv/the office/The Office - s03e18 - The Negotiation.mkv	OK
/Volumes/nas/media/raw/dvd/tv/the office/The Office - s07e09 - WUPHFcom.mkv	OK
/Volumes/nas/media/raw/dvd/tv/the office/The Office - s03e11 - Back From Vacation.mkv	OK
/Volumes/nas/media/raw/dvd/tv/the office/The Office - s07e05 - The Sting.mkv	OK
/Volumes/nas/media/raw/dvd/tv/the office/The Office - s09e15 - Couples Discount.mkv	OK
/Volumes/nas/media/raw/dvd/tv/the office/The Office - s08e12 - Pool Party.mkv	OK
/Volumes/nas/media/raw/dvd/tv/the office/The Office - s07e11 - Classy Christmas.mkv	OK
/Volumes/nas/media/raw/dvd/tv/the office/The Office - s02e16 - Valentine's Day.mkv	OK
/Volumes/nas/media/raw/dvd/tv/the office/The Office - s05e10 - Moroccan Christmas.mkv	OK
/Volumes/nas/media/raw/dvd/tv/the office/The Office - s04e07 - Money.mkv	OK
/Volumes/nas/media/raw/dvd/tv/the office/The Office - s05e09 - The Surplus.mkv	OK
/Volumes/nas/media/raw/dvd/tv/the office/The Office - s08e04 - Garden Party.mkv	OK
/Volumes/nas/media/raw/dvd/tv/the office/The Office - s07e03 - Andy's Play.mkv	OK
/Volumes/nas/media/raw/dvd/tv/the office/The Office - s05e11 - The Duel.mkv	OK
/Volumes/nas/media/raw/dvd/tv/the office/The Office - s03e09 - The Convict.mkv	OK
/Volumes/nas/media/raw/dvd/tv/the office/The Office - s09e11 - Suit Warehouse.mkv	OK
/Volumes/nas/media/raw/dvd/tv/the office/The Office - s03e16 - Business School.mkv	OK
/Volumes/nas/media/raw/dvd/tv/the office/The Office - s09e05 - Here Comes Treble.mkv	OK
/Volumes/nas/media/raw/dvd/tv/the office/The Office - s03e19 - Safety Training.mkv	OK
/Volumes/nas/media/raw/dvd/tv/the office/The Office - s01e05 - Basketball.mkv	OK
/Volumes/nas/media/raw/dvd/tv/the office/The Office - s08e10 - Christmas Wishes.mkv	OK
/Volumes/nas/media/raw/dvd/tv/the office/The Office - s08e16 - After Hours.mkv	OK
/Volumes/nas/media/raw/dvd/tv/the office/The Office - s03e08 - The Merger.mkv	OK
/Volumes/nas/media/raw/dvd/tv/the office/The Office - s08e14 - Special Project.mkv	OK
/Volumes/nas/media/raw/dvd/tv/the office/The Office - s05e06 - Customer Survey.mkv	OK
/Volumes/nas/media/raw/dvd/tv/the office/The Office - s08e22 - Fundraiser.mkv	OK
/Volumes/nas/media/raw/dvd/tv/the office/The Office - s09e22 - AARM.mkv	OK
/Volumes/nas/media/raw/dvd/tv/the office/The Office - s03e15 - Phyllis' Wedding.mkv	OK
/Volumes/nas/media/raw/dvd/tv/the office/The Office - s07e15 - PDA.mkv	OK
/Volumes/nas/media/raw/dvd/tv/the office/The Office - s09e19 - Stairmageddon.mkv	OK
/Volumes/nas/media/raw/dvd/tv/the office/The Office - s07e19 - Training Day.mkv	OK
/Volumes/nas/media/raw/dvd/tv/the office/The Office - s06e03 - The Promotion.mkv	OK
/Volumes/nas/media/raw/dvd/tv/the office/The Office - s06e24 - The Cover Up.mkv	OK
/Volumes/nas/media/raw/dvd/tv/the office/The Office - s06e08 - Koi Pond.mkv	OK
/Volumes/nas/media/raw/dvd/tv/the office/The Office - s02e12 - The Injury.mkv	OK
/Volumes/nas/media/raw/dvd/tv/the office/The Office - s03e17 - Cocktails.mkv	OK
/Volumes/nas/media/raw/dvd/tv/the office/The Office - s08e20 - Welcome Party.mkv	OK
/Volumes/nas/media/raw/dvd/tv/the office/The Office - s01e01 - Pilot.mkv	OK
/Volumes/nas/media/raw/dvd/tv/the office/The Office - s06e15 - Sabre.mkv	OK
/Volumes/nas/media/raw/dvd/tv/the office/The Office - s06e21 - Happy Hour.mkv	OK
/Volumes/nas/media/raw/dvd/tv/the office/The Office - s03e02 - The Convention.mkv	OK
/Volumes/nas/media/raw/dvd/tv/the office/The Office - s05e13 - Stress Relief.mkv	OK
/Volumes/nas/media/raw/dvd/tv/the office/The Office - s03e14 - Ben Franklin.mkv	OK
/Volumes/nas/media/raw/dvd/tv/the office/The Office - s06e17 - The Delivery.mkv	OK
/Volumes/nas/media/raw/dvd/tv/the office/The Office - s08e19 - Get the Girl.mkv	OK
/Volumes/nas/media/raw/dvd/tv/the office/The Office - s08e11 - Trivia.mkv	OK
/Volumes/nas/media/raw/dvd/tv/the office/The Office - s05e21 - Michael Scott Paper Company.mkv	OK
/Volumes/nas/media/raw/dvd/tv/the office/The Office - s08e09 - Mrs. California.mkv	OK
/Volumes/nas/media/raw/dvd/tv/the office/The Office - s05e01 - Weight Loss.mkv	OK
/Volumes/nas/media/raw/dvd/tv/the office/The Office - s02e09 - Email Surveillance.mkv	OK
/Volumes/nas/media/raw/dvd/tv/the office/The Office - s04e10 - Branch Wars.mkv	OK
/Volumes/nas/media/raw/dvd/tv/the office/The Office - s05e12 - Prince Family Paper.mkv	OK
/Volumes/nas/media/raw/dvd/tv/the office/The Office - s01e02 - Diversity Day.mkv	OK
/Volumes/nas/media/raw/dvd/tv/the office/The Office - s01e03 - Health Care.mkv	OK
/Volumes/nas/media/raw/dvd/tv/the office/The Office - s07e18 - Garage Sale.mkv	OK
/Volumes/nas/media/raw/dvd/tv/the office/The Office - s06e11 - Shareholder Meeting.mkv	OK
/Volumes/nas/media/raw/dvd/tv/the office/The Office - s07e16 - Threat Level Midnight.mkv	OK
/Volumes/nas/media/raw/dvd/tv/the office/The Office - s06e06 - Mafia.mkv	OK
/Volumes/nas/media/raw/dvd/tv/the office/The Office - s02e21 - Conflict Resolution.mkv	OK
/Volumes/nas/media/raw/dvd/tv/the office/The Office - s02e20 - Drug Testing.mkv	OK
/Volumes/nas/media/raw/dvd/tv/the office/The Office - s06e12 - Scott's Tots.mkv	OK
/Volumes/nas/media/raw/dvd/tv/the office/The Office - s07e02 - Counseling.mkv	OK
/Volumes/nas/media/raw/dvd/tv/the office/The Office - s06e04 - Niagara.mkv	OK
/Volumes/nas/media/raw/dvd/tv/the office/The Office - s08e01 - The List.mkv	OK
/Volumes/nas/media/raw/dvd/tv/the office/The Office - s04e18 - Goodbye, Toby.mkv	OK
/Volumes/nas/media/raw/dvd/tv/the office/The Office - s03e03 - The Coup.mkv	OK
/Volumes/nas/media/raw/dvd/tv/the office/The Office - s04e12 - The Deposition.mkv	OK
/Volumes/nas/media/raw/dvd/tv/the office/The Office - s04e13 - Dinner Party.mkv	OK
/Volumes/nas/media/raw/dvd/tv/the office/The Office - s03e07 - Branch Closing.mkv	OK
/Volumes/nas/media/raw/dvd/tv/the office/The Office - s08e18 - Last Day in Florida.mkv	OK
/Volumes/nas/media/raw/dvd/tv/the office/The Office - s09e03 - Andy's Ancestry.mkv	OK
/Volumes/nas/media/raw/dvd/tv/the office/The Office - s02e19 - Michael's Birthday.mkv	OK
/Volumes/nas/media/raw/dvd/tv/the office/The Office - s02e06 - The Fight.mkv	OK
/Volumes/nas/media/raw/dvd/tv/the office/The Office - s03e21 - Women's Appreciation.mkv	OK
/Volumes/nas/media/raw/dvd/tv/the office/The Office - s06e23 - Body Language.mkv	OK
/Volumes/nas/media/raw/dvd/tv/the office/The Office - s05e15 - Lecture Cicuit 2.mkv	OK
/Volumes/nas/media/raw/dvd/tv/the office/The Office - s06e13 - Secret Santa.mkv	OK
/Volumes/nas/media/raw/dvd/tv/the office/The Office - s05e22 - Heavy Competition.mkv	OK
/Volumes/nas/media/raw/dvd/tv/the office/The Office - s09e04 - Work Bus.mkv	OK
/Volumes/nas/media/raw/dvd/tv/the office/The Office - s03e12 - Traveling Salesmen:The Return.mkv	OK
/Volumes/nas/media/raw/dvd/tv/the office/The Office - s07e24 - Search Committee.mkv	OK
/Volumes/nas/media/raw/dvd/tv/the office/The Office - s04e05 - Launch Party.mkv	OK
/Volumes/nas/media/raw/dvd/tv/the office/The Office - s07e20 - Michael's Last Dundies.mkv	OK
/Volumes/nas/media/raw/dvd/tv/the office/The Office - s06e01 - Gossip.mkv	OK
/Volumes/nas/media/raw/dvd/tv/the office/The Office - s07e14 - The Search.mkv	OK
/Volumes/nas/media/raw/dvd/tv/the office/The Office - s03e23 - The Job.mkv	OK
/Volumes/nas/media/raw/dvd/tv/the office/The Office - s07e06 - Costume Contest.mkv	OK
/Volumes/nas/media/raw/dvd/tv/the office/The Office - s01e06 - Hot Girl.mkv	OK
/Volumes/nas/media/raw/dvd/tv/the office/The Office - s05e04 - Crime Aid.mkv	OK
/Volumes/nas/media/raw/dvd/tv/the office/The Office - s09e12 - Customer Loyalty.mkv	OK
/Volumes/nas/media/raw/dvd/tv/the office/The Office - s04e15 - Night Out.mkv	OK
/Volumes/nas/media/raw/dvd/tv/the office/The Office - s02e07 - The Client.mkv	OK
/Volumes/nas/media/raw/dvd/tv/the office/The Office - s03e01 - Gay Witch Hunt.mkv	OK
/Volumes/nas/media/raw/dvd/tv/the office/The Office - s09e09 - Dwight Christmas.mkv	OK
/Volumes/nas/media/raw/dvd/tv/the office/The Office - s06e02 - The Meeting.mkv	OK
/Volumes/nas/media/raw/dvd/tv/the office/The Office - s08e06 - Doomsday.mkv	OK
/Volumes/nas/media/raw/dvd/tv/the office/The Office - s03e22 - Beach Games.mkv	OK
/Volumes/nas/media/raw/dvd/tv/the office/The Office - s02e17 - Dwight's Speech.mkv	OK
/Volumes/nas/media/raw/dvd/tv/the office/The Office - s05e20 - Dream Team.mkv	OK
/Volumes/nas/media/raw/dvd/tv/the office/The Office - s07e01 - Nepotism.mkv	OK
/Volumes/nas/media/raw/dvd/tv/the office/The Office - s06e16 - The Manager and the Salesman.mkv	OK
/Volumes/nas/media/raw/dvd/tv/the office/The Office - s08e15 - Tallahassee.mkv	OK
/Volumes/nas/media/raw/dvd/tv/the office/The Office - s02e04 - The Fire.mkv	OK
/Volumes/nas/media/raw/dvd/tv/the office/The Office - s08e05 - Spooked.mkv	OK
/Volumes/nas/media/raw/dvd/tv/the office/The Office - s02e22 - Casino Night.mkv	OK
/Volumes/nas/media/raw/dvd/tv/the office/The Office - s09e06 - The Boat.mkv	OK
/Volumes/nas/media/raw/dvd/tv/the office/The Office - s06e19 - St Patrick's Day.mkv	OK
/Volumes/nas/media/raw/dvd/tv/the office/The Office - s09e08 - The Target.mkv	OK
/Volumes/nas/media/raw/dvd/tv/the office/The Office - s05e23 - Broke.mkv	OK
/Volumes/nas/media/raw/dvd/tv/the office/The Office - s09e21 - Livin' the Dream.mkv	OK
/Volumes/nas/media/raw/dvd/tv/the office/The Office - s07e07 - Christening.mkv	OK
/Volumes/nas/media/raw/dvd/tv/the office/The Office - s05e03 - Baby Shower.mkv	OK
/Volumes/nas/media/raw/dvd/tv/the office/The Office - s02e10 - Christmas Party.mkv	OK
/Volumes/nas/media/raw/dvd/tv/the office/The Office - s05e17 - Golden Ticket.mkv	OK
/Volumes/nas/media/raw/dvd/tv/the office/The Office - s06e14 - The Banker.mkv	OK
/Volumes/nas/media/raw/dvd/tv/the office/The Office - s09e20 - Paper Airplane.mkv	OK
/Volumes/nas/media/raw/dvd/tv/the office/The Office - s01e04 - The Alliance.mkv	OK
/Volumes/nas/media/raw/dvd/tv/the office/The Office - s07e21 - Goodbye, Michael.mkv	OK
/Volumes/nas/media/raw/dvd/tv/the office/The Office - s02e05 - Halloween.mkv	OK
/Volumes/nas/media/raw/dvd/tv/the office/The Office - s04e14 - The Chair Model.mkv	OK
/Volumes/nas/media/raw/dvd/tv/the office/The Office - s07e23 - Dwight K. Schrute, (Acting) Manager.mkv	OK
/Volumes/nas/media/raw/dvd/tv/the office/The Office - s02e03 - The Office Olympics.mkv	OK
/Volumes/nas/media/raw/dvd/tv/the office/The Office - s05e16 - Blood Drive.mkv	OK
/Volumes/nas/media/raw/dvd/tv/the office/The Office - s02e13 - The Secret.mkv	OK
/Volumes/nas/media/raw/dvd/tv/the office/The Office - s09e23 - Finale.mkv	OK
/Volumes/nas/media/raw/dvd/tv/the office/The Office - s04e01 - Fun Run.mkv	OK
/Volumes/nas/media/raw/dvd/tv/the office/The Office - s09e13 - Junior Salesman.mkv	OK
/Volumes/nas/media/raw/dvd/tv/the office/The Office - s05e25 - Cafe Disco.mkv	OK
/Volumes/nas/media/raw/dvd/tv/the office/The Office - s02e14 - Carpet.mkv	OK
/Volumes/nas/media/raw/dvd/tv/the office/The Office - s06e09 - Double Date.mkv	OK
/Volumes/nas/media/raw/dvd/tv/the office/The Office - s05e05 - Employee Transfer.mkv	OK
/Volumes/nas/media/raw/dvd/tv/the office/The Office - s02e11 - Booze Cruise.mkv	OK
/Volumes/nas/media/raw/dvd/tv/the office/The Office - s07e22 - The Inner Circle.mkv	OK
/Volumes/nas/media/raw/dvd/tv/the office/The Office - s03e05 - Initiation.mkv	OK
/Volumes/nas/media/raw/dvd/tv/the office/The Office - s09e10 - Lice.mkv	OK
/Volumes/nas/media/raw/dvd/tv/the office/The Office - s07e13 - The Seminar.mkv	OK
/Volumes/nas/media/raw/dvd/tv/the office/The Office - s02e18 - Take your daughter to work day.mkv	OK
/Volumes/nas/media/raw/dvd/tv/the office/The Office - s09e14 - Vandalism.mkv	OK
/Volumes/nas/media/raw/dvd/tv/the office/The Office - s09e18 - Promos.mkv	OK
/Volumes/nas/media/raw/dvd/tv/the office/The Office - s03e04 - Grief Counseling.mkv	OK
/Volumes/nas/media/raw/dvd/tv/the office/The Office - s07e10 - China.mkv	OK
/Volumes/nas/media/raw/dvd/tv/the office/The Office - s05e08 - Frame Toby.mkv	OK
/Volumes/nas/media/raw/dvd/tv/the office/The Office - s06e10 - Murder.mkv	OK
/Volumes/nas/media/raw/dvd/tv/the office/The Office - s02e01 - The Dundies.mkv	OK
/Volumes/nas/media/raw/dvd/tv/the office/The Office - s03e20 - Product Recall.mkv	OK
/Volumes/nas/media/raw/dvd/tv/the office/The Office - s06e20 - New Leads.mkv	OK
/Volumes/nas/media/raw/dvd/tv/the office/The Office - s06e25 - The Chump.mkv	OK
/Volumes/nas/media/raw/dvd/tv/the office/The Office - s09e16 - Moving On.mkv	OK
/Volumes/nas/media/raw/dvd/tv/the office/The Office - s09e17 - The Farm.mkv	OK
/Volumes/nas/media/raw/dvd/tv/the office/The Office - s02e15 - Boys and Girls.mkv	OK
/Volumes/nas/media/raw/dvd/tv/the office/The Office - s06e26 - Whistleblower.mkv	OK
/Volumes/nas/media/raw/dvd/tv/the office/The Office - s02e08 - Performance Review.mkv	OK
/Volumes/nas/media/raw/dvd/tv/the office/The Office - s08e24 - Free Family Portrait Studio.mkv	OK
/Volumes/nas/media/raw/dvd/tv/the office/The Office - s03e10 - A Benihana Christmas.mkv	OK
/Volumes/nas/media/raw/dvd/tv/the office/The Office - s07e17 - Todd Packer.mkv	OK
/Volumes/nas/media/raw/dvd/tv/the office/The Office - s08e21 - Angry Andy.mkv	OK
/Volumes/nas/media/raw/dvd/tv/the office/The Office - s09e01 - New Guys.mkv	OK
/Volumes/nas/media/raw/dvd/tv/charmed/Charmed - s01e22.mkv	OK
/Volumes/nas/media/raw/dvd/tv/charmed/Charmed - s05e20.mkv	DEGENERATE_SUB(1)
/Volumes/nas/media/raw/dvd/tv/charmed/Charmed - s08e16.mkv	OK
/Volumes/nas/media/raw/dvd/tv/charmed/Charmed - s02e19.mkv	OK
/Volumes/nas/media/raw/dvd/tv/charmed/Charmed - s05e08.mkv	DEGENERATE_SUB(2)
/Volumes/nas/media/raw/dvd/tv/charmed/Charmed - s01e05.mkv	OK
/Volumes/nas/media/raw/dvd/tv/charmed/Charmed - s08e21.mkv	OK
/Volumes/nas/media/raw/dvd/tv/charmed/Charmed - s05e19.mkv	DEGENERATE_SUB(2)
/Volumes/nas/media/raw/dvd/tv/charmed/Charmed - s06e04.mkv	DEGENERATE_SUB(1)
/Volumes/nas/media/raw/dvd/tv/charmed/Charmed - s06e15.mkv	DEGENERATE_SUB(1)
/Volumes/nas/media/raw/dvd/tv/charmed/Charmed - s02e10.mkv	OK
/Volumes/nas/media/raw/dvd/tv/charmed/Charmed - s08e04.mkv	OK
/Volumes/nas/media/raw/dvd/tv/charmed/Charmed - s03e20.mkv	OK
/Volumes/nas/media/raw/dvd/tv/charmed/Charmed - s05e12.mkv	DEGENERATE_SUB(2)
/Volumes/nas/media/raw/dvd/tv/charmed/Charmed - s07e11.mkv	OK
/Volumes/nas/media/raw/dvd/tv/charmed/Charmed - s03e11.mkv	OK
/Volumes/nas/media/raw/dvd/tv/charmed/Charmed - s08e17.mkv	OK
/Volumes/nas/media/raw/dvd/tv/charmed/Charmed - s01e11.mkv	OK
/Volumes/nas/media/raw/dvd/tv/charmed/Charmed - s08e11.mkv	OK
/Volumes/nas/media/raw/dvd/tv/charmed/Charmed - s02e12.mkv	OK
/Volumes/nas/media/raw/dvd/tv/charmed/Charmed - s08e20.mkv	OK
/Volumes/nas/media/raw/dvd/tv/charmed/Charmed - s07e09.mkv	OK
/Volumes/nas/media/raw/dvd/tv/charmed/Charmed - s06e05.mkv	OK
/Volumes/nas/media/raw/dvd/tv/charmed/Charmed - s04e17.mkv	OK
/Volumes/nas/media/raw/dvd/tv/charmed/Charmed - s07e10.mkv	OK
/Volumes/nas/media/raw/dvd/tv/charmed/Charmed - s04e03.mkv	OK
/Volumes/nas/media/raw/dvd/tv/charmed/Charmed - s02e16.mkv	OK
/Volumes/nas/media/raw/dvd/tv/charmed/Charmed - s05e17.mkv	DEGENERATE_SUB(2)
/Volumes/nas/media/raw/dvd/tv/charmed/Charmed - s07e03.mkv	DEGENERATE_SUB(1)
/Volumes/nas/media/raw/dvd/tv/charmed/Charmed - s05e21.mkv	DEGENERATE_SUB(1)
/Volumes/nas/media/raw/dvd/tv/charmed/Charmed - s07e17.mkv	DEGENERATE_SUB(1)
/Volumes/nas/media/raw/dvd/tv/charmed/Charmed - s06e21.mkv	OK
/Volumes/nas/media/raw/dvd/tv/charmed/Charmed - s08e19.mkv	OK
/Volumes/nas/media/raw/dvd/tv/charmed/Charmed - s05e11.mkv	DEGENERATE_SUB(1)
/Volumes/nas/media/raw/dvd/tv/charmed/Charmed - s02e13.mkv	OK
/Volumes/nas/media/raw/dvd/tv/charmed/Charmed - s04e10.mkv	OK
/Volumes/nas/media/raw/dvd/tv/charmed/Charmed - s02e11.mkv	OK
/Volumes/nas/media/raw/dvd/tv/charmed/Charmed - s06e17.mkv	DEGENERATE_SUB(1)
/Volumes/nas/media/raw/dvd/tv/charmed/Charmed - s02e08.mkv	OK
/Volumes/nas/media/raw/dvd/tv/charmed/Charmed - s04e12.mkv	OK
/Volumes/nas/media/raw/dvd/tv/charmed/Charmed - s08e18.mkv	OK
/Volumes/nas/media/raw/dvd/tv/charmed/Charmed - s01e15.mkv	OK
/Volumes/nas/media/raw/dvd/tv/charmed/Charmed - s06e03.mkv	OK
/Volumes/nas/media/raw/dvd/tv/charmed/Charmed - s01e18.mkv	OK
/Volumes/nas/media/raw/dvd/tv/charmed/Charmed - s01e17.mkv	OK
/Volumes/nas/media/raw/dvd/tv/charmed/Charmed - s08e15.mkv	OK
/Volumes/nas/media/raw/dvd/tv/charmed/Charmed - s05e16.mkv	DEGENERATE_SUB(1)
/Volumes/nas/media/raw/dvd/tv/charmed/Charmed - s05e13.mkv	DEGENERATE_SUB(2)
/Volumes/nas/media/raw/dvd/tv/charmed/Charmed - s07e06.mkv	OK
/Volumes/nas/media/raw/dvd/tv/charmed/Charmed - s07e01.mkv	DEGENERATE_SUB(1)
/Volumes/nas/media/raw/dvd/tv/charmed/Charmed - s01e01.mkv	OK
/Volumes/nas/media/raw/dvd/tv/charmed/Charmed - s03e12.mkv	OK
/Volumes/nas/media/raw/dvd/tv/charmed/Charmed - s04e16.mkv	OK
/Volumes/nas/media/raw/dvd/tv/charmed/Charmed - s05e03.mkv	OK
/Volumes/nas/media/raw/dvd/tv/charmed/Charmed - s07e07.mkv	OK
/Volumes/nas/media/raw/dvd/tv/charmed/Charmed - s07e08.mkv	OK
/Volumes/nas/media/raw/dvd/tv/charmed/Charmed - s01e06.mkv	OK
/Volumes/nas/media/raw/dvd/tv/charmed/Charmed - s03e13.mkv	OK
/Volumes/nas/media/raw/dvd/tv/charmed/Charmed - s01e14.mkv	OK
/Volumes/nas/media/raw/dvd/tv/charmed/Charmed - s07e19.mkv	DEGENERATE_SUB(1)
/Volumes/nas/media/raw/dvd/tv/charmed/Charmed - s01e19.mkv	OK
/Volumes/nas/media/raw/dvd/tv/charmed/Charmed - s03e18.mkv	OK
/Volumes/nas/media/raw/dvd/tv/charmed/Charmed - s02e03.mkv	OK
/Volumes/nas/media/raw/dvd/tv/charmed/Charmed - s03e01.mkv	OK
/Volumes/nas/media/raw/dvd/tv/charmed/Charmed - s06e14.mkv	OK
/Volumes/nas/media/raw/dvd/tv/charmed/Charmed - s08e03.mkv	OK
/Volumes/nas/media/raw/dvd/tv/charmed/Charmed - s04e08.mkv	OK
/Volumes/nas/media/raw/dvd/tv/charmed/Charmed - s05e05.mkv	DEGENERATE_SUB(1)
/Volumes/nas/media/raw/dvd/tv/charmed/Charmed - s07e02.mkv	DEGENERATE_SUB(1)
/Volumes/nas/media/raw/dvd/tv/charmed/Charmed - s04e09.mkv	OK
/Volumes/nas/media/raw/dvd/tv/charmed/Charmed - s03e16.mkv	OK
/Volumes/nas/media/raw/dvd/tv/charmed/Charmed - s06e06.mkv	OK
/Volumes/nas/media/raw/dvd/tv/charmed/Charmed - s03e19.mkv	OK
/Volumes/nas/media/raw/dvd/tv/charmed/Charmed - s05e09.mkv	DEGENERATE_SUB(1)
/Volumes/nas/media/raw/dvd/tv/charmed/Charmed - s03e17.mkv	OK
/Volumes/nas/media/raw/dvd/tv/charmed/Charmed - s05e07.mkv	DEGENERATE_SUB(2)
/Volumes/nas/media/raw/dvd/tv/charmed/Charmed - s05e15.mkv	DEGENERATE_SUB(1)
/Volumes/nas/media/raw/dvd/tv/charmed/Charmed - s03e15.mkv	OK
/Volumes/nas/media/raw/dvd/tv/charmed/Charmed - s06e13.mkv	DEGENERATE_SUB(1)
/Volumes/nas/media/raw/dvd/tv/charmed/Charmed - s03e04.mkv	OK
/Volumes/nas/media/raw/dvd/tv/charmed/Charmed - s07e12.mkv	OK
/Volumes/nas/media/raw/dvd/tv/charmed/Charmed - s03e03.mkv	OK
/Volumes/nas/media/raw/dvd/tv/charmed/Charmed - s07e20.mkv	DEGENERATE_SUB(1)
/Volumes/nas/media/raw/dvd/tv/charmed/Charmed - s03e22.mkv	OK
/Volumes/nas/media/raw/dvd/tv/charmed/Charmed - s02e07.mkv	OK
/Volumes/nas/media/raw/dvd/tv/charmed/Charmed - s05e04.mkv	DEGENERATE_SUB(1)
/Volumes/nas/media/raw/dvd/tv/charmed/Charmed - s05e06.mkv	DEGENERATE_SUB(1)
/Volumes/nas/media/raw/dvd/tv/charmed/Charmed - s05e01e02.mkv	DEGENERATE_SUB(1)
/Volumes/nas/media/raw/dvd/tv/charmed/Charmed - s03e02.mkv	OK
/Volumes/nas/media/raw/dvd/tv/charmed/Charmed - s08e14.mkv	OK
/Volumes/nas/media/raw/dvd/tv/charmed/Charmed - s06e08.mkv	OK
/Volumes/nas/media/raw/dvd/tv/charmed/Charmed - s02e17.mkv	OK
/Volumes/nas/media/raw/dvd/tv/charmed/Charmed - s02e21.mkv	OK
/Volumes/nas/media/raw/dvd/tv/charmed/Charmed - s07e15.mkv	DEGENERATE_SUB(1)
/Volumes/nas/media/raw/dvd/tv/charmed/Charmed - s03e08.mkv	OK
/Volumes/nas/media/raw/dvd/tv/charmed/Charmed - s04e20.mkv	OK
/Volumes/nas/media/raw/dvd/tv/charmed/Charmed - s04e15.mkv	OK
/Volumes/nas/media/raw/dvd/tv/charmed/Charmed - s06e09.mkv	OK
/Volumes/nas/media/raw/dvd/tv/charmed/Charmed - s04e04.mkv	OK
/Volumes/nas/media/raw/dvd/tv/charmed/Charmed - s08e02.mkv	OK
/Volumes/nas/media/raw/dvd/tv/charmed/Charmed - s08e07.mkv	OK
/Volumes/nas/media/raw/dvd/tv/charmed/Charmed - s01e02.mkv	OK
/Volumes/nas/media/raw/dvd/tv/charmed/Charmed - s01e03.mkv	OK
/Volumes/nas/media/raw/dvd/tv/charmed/Charmed - s08e08.mkv	OK
/Volumes/nas/media/raw/dvd/tv/charmed/Charmed - s06e22e23.mkv	OK
/Volumes/nas/media/raw/dvd/tv/charmed/Charmed - s01e13.mkv	OK
/Volumes/nas/media/raw/dvd/tv/charmed/Charmed - s08e01.mkv	OK
/Volumes/nas/media/raw/dvd/tv/charmed/Charmed - s02e09.mkv	OK
/Volumes/nas/media/raw/dvd/tv/charmed/Charmed - s06e16.mkv	OK
/Volumes/nas/media/raw/dvd/tv/charmed/Charmed - s07e14.mkv	DEGENERATE_SUB(1)
/Volumes/nas/media/raw/dvd/tv/charmed/Charmed - s06e20.mkv	DEGENERATE_SUB(1)
/Volumes/nas/media/raw/dvd/tv/charmed/Charmed - s04e18.mkv	OK
/Volumes/nas/media/raw/dvd/tv/charmed/Charmed - s02e06.mkv	OK
/Volumes/nas/media/raw/dvd/tv/charmed/Charmed - s04e14.mkv	OK
/Volumes/nas/media/raw/dvd/tv/charmed/Charmed - s07e04.mkv	DEGENERATE_SUB(1)
/Volumes/nas/media/raw/dvd/tv/charmed/Charmed - s03e09.mkv	OK
/Volumes/nas/media/raw/dvd/tv/charmed/Charmed - s03e14.mkv	OK
/Volumes/nas/media/raw/dvd/tv/charmed/Charmed - s02e05.mkv	OK
/Volumes/nas/media/raw/dvd/tv/charmed/Charmed - s01e12.mkv	OK
/Volumes/nas/media/raw/dvd/tv/charmed/Charmed - s02e04.mkv	OK
/Volumes/nas/media/raw/dvd/tv/charmed/Charmed - s04e11.mkv	OK
/Volumes/nas/media/raw/dvd/tv/charmed/Charmed - s04e05.mkv	OK
/Volumes/nas/media/raw/dvd/tv/charmed/Charmed - s01e21.mkv	OK
/Volumes/nas/media/raw/dvd/tv/charmed/Charmed - s08e22.mkv	OK
/Volumes/nas/media/raw/dvd/tv/charmed/Charmed - s07e21.mkv	DEGENERATE_SUB(1)
/Volumes/nas/media/raw/dvd/tv/charmed/Charmed - s02e20.mkv	OK
/Volumes/nas/media/raw/dvd/tv/charmed/Charmed - s07e05.mkv	OK
/Volumes/nas/media/raw/dvd/tv/charmed/Charmed - s06e18.mkv	OK
/Volumes/nas/media/raw/dvd/tv/charmed/Charmed - s06e10.mkv	OK
/Volumes/nas/media/raw/dvd/tv/charmed/Charmed - s08e12.mkv	OK
/Volumes/nas/media/raw/dvd/tv/charmed/Charmed - s01e16.mkv	OK
/Volumes/nas/media/raw/dvd/tv/charmed/Charmed - s06e19.mkv	OK
/Volumes/nas/media/raw/dvd/tv/charmed/Charmed - s06e07.mkv	OK
/Volumes/nas/media/raw/dvd/tv/charmed/Charmed - s02e01.mkv	OK
/Volumes/nas/media/raw/dvd/tv/charmed/Charmed - s04e01e02.mkv	OK
/Volumes/nas/media/raw/dvd/tv/charmed/Charmed - s04e13.mkv	OK
/Volumes/nas/media/raw/dvd/tv/charmed/Charmed - s01e10.mkv	OK
/Volumes/nas/media/raw/dvd/tv/charmed/Charmed - s06e11.mkv	DEGENERATE_SUB(1)
/Volumes/nas/media/raw/dvd/tv/charmed/Charmed - s07e16.mkv	DEGENERATE_SUB(1)
/Volumes/nas/media/raw/dvd/tv/charmed/Charmed - s08e13.mkv	OK
/Volumes/nas/media/raw/dvd/tv/charmed/Charmed - s01e09.mkv	OK
/Volumes/nas/media/raw/dvd/tv/charmed/Charmed - s08e06.mkv	OK
/Volumes/nas/media/raw/dvd/tv/charmed/Charmed - s04e21.mkv	OK
/Volumes/nas/media/raw/dvd/tv/charmed/Charmed - s05e10.mkv	DEGENERATE_SUB(1)
/Volumes/nas/media/raw/dvd/tv/charmed/Charmed - s01e07.mkv	OK
/Volumes/nas/media/raw/dvd/tv/charmed/Charmed - s07e22.mkv	DEGENERATE_SUB(1)
/Volumes/nas/media/raw/dvd/tv/charmed/Charmed - s03e06.mkv	OK
/Volumes/nas/media/raw/dvd/tv/charmed/Charmed - s03e21.mkv	OK
/Volumes/nas/media/raw/dvd/tv/charmed/Charmed - s04e22.mkv	OK
/Volumes/nas/media/raw/dvd/tv/charmed/Charmed - s02e22.mkv	OK
/Volumes/nas/media/raw/dvd/tv/charmed/Charmed - s06e12.mkv	DEGENERATE_SUB(1)
/Volumes/nas/media/raw/dvd/tv/charmed/Charmed - s08e09.mkv	OK
/Volumes/nas/media/raw/dvd/tv/charmed/Charmed - s01e04.mkv	OK
/Volumes/nas/media/raw/dvd/tv/charmed/Charmed - s04e06.mkv	OK
/Volumes/nas/media/raw/dvd/tv/charmed/Charmed - s05e18.mkv	DEGENERATE_SUB(2)
/Volumes/nas/media/raw/dvd/tv/charmed/Charmed - s03e07.mkv	OK
/Volumes/nas/media/raw/dvd/tv/charmed/Charmed - s04e07.mkv	OK
/Volumes/nas/media/raw/dvd/tv/charmed/Charmed - s07e18.mkv	DEGENERATE_SUB(1)
/Volumes/nas/media/raw/dvd/tv/charmed/Charmed - s06e01e02.mkv	DEGENERATE_SUB(1)
/Volumes/nas/media/raw/dvd/tv/charmed/Charmed - s08e05.mkv	OK
/Volumes/nas/media/raw/dvd/tv/charmed/Charmed - s01e08.mkv	OK
/Volumes/nas/media/raw/dvd/tv/charmed/Charmed - s05e14.mkv	DEGENERATE_SUB(1)
/Volumes/nas/media/raw/dvd/tv/charmed/Charmed - s03e10.mkv	OK
/Volumes/nas/media/raw/dvd/tv/charmed/Charmed - s05e22e23.mkv	DEGENERATE_SUB(1)
/Volumes/nas/media/raw/dvd/tv/charmed/Charmed - s02e02.mkv	OK
/Volumes/nas/media/raw/dvd/tv/charmed/Charmed - s04e19.mkv	OK
/Volumes/nas/media/raw/dvd/tv/charmed/Charmed - s07e13.mkv	DEGENERATE_SUB(1)
/Volumes/nas/media/raw/dvd/tv/charmed/Charmed - s08e10.mkv	OK
/Volumes/nas/media/raw/dvd/tv/charmed/Charmed - s02e18.mkv	OK
/Volumes/nas/media/raw/dvd/tv/charmed/Charmed - s01e20.mkv	OK
/Volumes/nas/media/raw/dvd/tv/charmed/Charmed - s02e15.mkv	OK
/Volumes/nas/media/raw/dvd/tv/charmed/Charmed - s03e05.mkv	OK
/Volumes/nas/media/raw/dvd/tv/charmed/Charmed - s02e14.mkv	OK
